drop table public.games cascade;
drop table public.headshot cascade;
drop table tree_employees cascade;

create table public.games (
  id varchar(255) not null,
  correct_guesses int null,
  incorrect_guesses int null,
  correct_employee_id varchar(255) null,
  mode varchar(255) null
);
create table public.games_selection_options (
  game_id varchar(255) not null,
  selection_options_id varchar(255) not null
);
create table public.headshot (
  employee_id varchar(255) null,
  type varchar(255) null,
  mime_type varchar(255) null,
  photo_id varchar(255) null,
  url varchar(255) null,
  alt varchar(255) null,
  height int null,
  width int null
);
create sequence public.hibernate_sequence start with 1 increment by 1 no minvalue no maxvalue cache 1;
create table public.hibernate_sequences (
  sequence_name varchar(255) not null,
  next_val bigint null
);
create table public.tree_employees (
  id varchar(255) not null,
  type varchar(255) null,
  slug varchar(255) null,
  job_title varchar(255) null,
  first_name varchar(255) null,
  last_name varchar(255) null,
  selection_options_id varchar(255) null
);
create table public.uuid (
  sequence_name varchar(255) not null,
  next_val bigint null
);
insert into public.games (
  id,
  correct_guesses,
  incorrect_guesses,
  correct_employee_id,
  mode
)
values (
  'michael_game',
  0,
  0,
  null,
  null
);
insert into public.games (
  id,
  correct_guesses,
  incorrect_guesses,
  correct_employee_id,
  mode
)
values (
  'a46bbf60-ebbd-49c2-a802-2c6ff1d5754a',
  0,
  0,
  '3nYZCiQcicEEGqsQiCekuc',
  'default'
);
insert into public.games (
  id,
  correct_guesses,
  incorrect_guesses,
  correct_employee_id,
  mode
)
values (
  'aca01ec2-b104-4524-9a22-521100f208d9',
  0,
  0,
  '10RbMxoaP0A6amcAoGeSC2',
  'default'
);
insert into public.games (
  id,
  correct_guesses,
  incorrect_guesses,
  correct_employee_id,
  mode
)
values (
  'da942889-4de6-4946-9aec-bb3b400f42c1',
  0,
  0,
  '3kCgnTlULsgtDYXVcqEQGt',
  'default'
);
insert into public.games (
  id,
  correct_guesses,
  incorrect_guesses,
  correct_employee_id,
  mode
)
values (
  '881dadf7-a5cf-4162-813f-b9e1fd4e17af',
  1,
  0,
  '3fgaigpnJYGYGWGWA6IMAy',
  null
);
insert into public.games (
  id,
  correct_guesses,
  incorrect_guesses,
  correct_employee_id,
  mode
)
values (
  '031fa0e8-0b93-432a-8de9-8c0330d81c21',
  0,
  0,
  '4nVwvAPt3foUNmgD2ql9fx',
  'default'
);
insert into public.games (
  id,
  correct_guesses,
  incorrect_guesses,
  correct_employee_id,
  mode
)
values (
  'dbf1791d-cb54-415f-a3ad-bd42d10b0e5d',
  0,
  0,
  'LLVkqCRNF0VvojSZUzh4U',
  'default'
);
insert into public.games (
  id,
  correct_guesses,
  incorrect_guesses,
  correct_employee_id,
  mode
)
values (
  '63173c8a-4218-41dd-9391-16c06b8aeaa5',
  0,
  0,
  '2eHtpKOwuAIuSu6MmOcCyK',
  'default'
);
insert into public.games (
  id,
  correct_guesses,
  incorrect_guesses,
  correct_employee_id,
  mode
)
values (
  '832f7328-084f-4c7a-b56f-2b71a47536d9',
  0,
  0,
  '5CBPi94yKkyWAMWqmWigak',
  'default'
);
insert into public.games (
  id,
  correct_guesses,
  incorrect_guesses,
  correct_employee_id,
  mode
)
values (
  'rack_game',
  1,
  0,
  null,
  null
);
insert into public.games (
  id,
  correct_guesses,
  incorrect_guesses,
  correct_employee_id,
  mode
)
values (
  '8a80803d758cbe5701758cbf50690000',
  0,
  0,
  null,
  null
);
insert into public.games (
  id,
  correct_guesses,
  incorrect_guesses,
  correct_employee_id,
  mode
)
values (
  '8a80803d758cc4fe01758cc555140000',
  0,
  0,
  '1wX5hLsPC6bdg4IXEfZpUE',
  null
);
insert into public.games (
  id,
  correct_guesses,
  incorrect_guesses,
  correct_employee_id,
  mode
)
values (
  '8a80803d758ce24801758ce286560000',
  0,
  0,
  '6hKgliUEecIO2ccyykOguG',
  'matt'
);
insert into public.games (
  id,
  correct_guesses,
  incorrect_guesses,
  correct_employee_id,
  mode
)
values (
  '1',
  0,
  0,
  '4CJdtloG8jj4HyAhnF6y0p',
  'default'
);
insert into public.games (
  id,
  correct_guesses,
  incorrect_guesses,
  correct_employee_id,
  mode
)
values (
  'd82ca6e9-435b-46f0-b510-8011cedc89fc',
  2,
  0,
  '3ts8XCQvuUQ6gIEMUi4qoy',
  null
);
insert into public.games (
  id,
  correct_guesses,
  incorrect_guesses,
  correct_employee_id,
  mode
)
values (
  '20a645b9-6025-4a49-8463-9925828e6355',
  0,
  0,
  '1r9MR20SHN6fXxuoIUhPIG',
  'default'
);
insert into public.games (
  id,
  correct_guesses,
  incorrect_guesses,
  correct_employee_id,
  mode
)
values (
  '74da0bc9-2b78-46ab-ae98-c8b61672ca48',
  0,
  0,
  '1hSXl2C5j72Jd2VKlFiuPR',
  'default'
);
insert into public.games (
  id,
  correct_guesses,
  incorrect_guesses,
  correct_employee_id,
  mode
)
values (
  'e00137e4-287a-44ad-ae7c-af5970520ad6',
  0,
  0,
  '7o4qCafyi9MPYNVYdwTuVh',
  'default'
);
insert into public.games (
  id,
  correct_guesses,
  incorrect_guesses,
  correct_employee_id,
  mode
)
values (
  '8fcf40c4-dd3f-457c-9073-7a792a9eed17',
  0,
  0,
  '61N1dIxKRqSGKwgSiKIqyE',
  'default'
);
insert into public.games_selection_options (
  game_id,
  selection_options_id
)
values (
  '8a80803d758cc4fe01758cc555140000',
  '1IwG11PCda1aKFbddOJDXb'
);
insert into public.games_selection_options (
  game_id,
  selection_options_id
)
values (
  '8a80803d758cc4fe01758cc555140000',
  '1wX5hLsPC6bdg4IXEfZpUE'
);
insert into public.games_selection_options (
  game_id,
  selection_options_id
)
values (
  '8a80803d758cc4fe01758cc555140000',
  '2PngvjLZLGImKKq68iC6Yc'
);
insert into public.games_selection_options (
  game_id,
  selection_options_id
)
values (
  '8a80803d758cc4fe01758cc555140000',
  '63zMjzatos6gkWEYkMAmsM'
);
insert into public.games_selection_options (
  game_id,
  selection_options_id
)
values (
  '8a80803d758cc4fe01758cc555140000',
  '31U2yMvqfe60UwS0EIQsYY'
);
insert into public.games_selection_options (
  game_id,
  selection_options_id
)
values (
  '8a80803d758cc4fe01758cc555140000',
  '2F35rF1wOlXReBnJK4miuj'
);
insert into public.games_selection_options (
  game_id,
  selection_options_id
)
values (
  '8a80803d758ce24801758ce286560000',
  '3nYZCiQcicEEGqsQiCekuc'
);
insert into public.games_selection_options (
  game_id,
  selection_options_id
)
values (
  '8a80803d758ce24801758ce286560000',
  '3qp2d7e2hiE4QysSgeOY4G'
);
insert into public.games_selection_options (
  game_id,
  selection_options_id
)
values (
  '8a80803d758ce24801758ce286560000',
  '6hKgliUEecIO2ccyykOguG'
);
insert into public.games_selection_options (
  game_id,
  selection_options_id
)
values (
  '8a80803d758ce24801758ce286560000',
  '6yIuH0d6F8ESgLV3e25fQi'
);
insert into public.games_selection_options (
  game_id,
  selection_options_id
)
values (
  '8a80803d758ce24801758ce286560000',
  '52sUSQZiQUqo0ege4wUmy4'
);
insert into public.games_selection_options (
  game_id,
  selection_options_id
)
values (
  '8a80803d758ce24801758ce286560000',
  '124YwfWhlG6Uica2Ck8WEM'
);
insert into public.games_selection_options (
  game_id,
  selection_options_id
)
values (
  '1',
  '4CJdtloG8jj4HyAhnF6y0p'
);
insert into public.games_selection_options (
  game_id,
  selection_options_id
)
values (
  '1',
  '4yRaVo6ZvOII6Icqgiu6eu'
);
insert into public.games_selection_options (
  game_id,
  selection_options_id
)
values (
  '1',
  '2lCE1lvcy1z1DtQlwSQqqV'
);
insert into public.games_selection_options (
  game_id,
  selection_options_id
)
values (
  '1',
  '3xndgkifS0W2gque6awEEk'
);
insert into public.games_selection_options (
  game_id,
  selection_options_id
)
values (
  '1',
  '10wbWMtbYaIcwQoWgY646W'
);
insert into public.games_selection_options (
  game_id,
  selection_options_id
)
values (
  '1',
  '3i9JnQ7B1aIrx7JkKohwAj'
);
insert into public.games_selection_options (
  game_id,
  selection_options_id
)
values (
  'd82ca6e9-435b-46f0-b510-8011cedc89fc',
  '7f7lDMxA0Q2ER5xeKgzcKI'
);
insert into public.games_selection_options (
  game_id,
  selection_options_id
)
values (
  'd82ca6e9-435b-46f0-b510-8011cedc89fc',
  '2123'
);
insert into public.games_selection_options (
  game_id,
  selection_options_id
)
values (
  'd82ca6e9-435b-46f0-b510-8011cedc89fc',
  '7q7OyQbSlf683JLGy96QDD'
);
insert into public.games_selection_options (
  game_id,
  selection_options_id
)
values (
  'd82ca6e9-435b-46f0-b510-8011cedc89fc',
  '2cpk9aD81mWSkugEkAU8EE'
);
insert into public.games_selection_options (
  game_id,
  selection_options_id
)
values (
  'd82ca6e9-435b-46f0-b510-8011cedc89fc',
  '56zuFgdeoMqAOuIKe0M4AU'
);
insert into public.games_selection_options (
  game_id,
  selection_options_id
)
values (
  'd82ca6e9-435b-46f0-b510-8011cedc89fc',
  'pBcwRVa0782lEA34jjQKn'
);
insert into public.games_selection_options (
  game_id,
  selection_options_id
)
values (
  '20a645b9-6025-4a49-8463-9925828e6355',
  'gKT4TuBCDY6w0YwoAS2eM'
);
insert into public.games_selection_options (
  game_id,
  selection_options_id
)
values (
  '20a645b9-6025-4a49-8463-9925828e6355',
  '1eUENnvwnkW48K0Og4uiCY'
);
insert into public.games_selection_options (
  game_id,
  selection_options_id
)
values (
  '20a645b9-6025-4a49-8463-9925828e6355',
  '1r9MR20SHN6fXxuoIUhPIG'
);
insert into public.games_selection_options (
  game_id,
  selection_options_id
)
values (
  '20a645b9-6025-4a49-8463-9925828e6355',
  'XXRvvkg6KA8C0YqWaowa2'
);
insert into public.games_selection_options (
  game_id,
  selection_options_id
)
values (
  '20a645b9-6025-4a49-8463-9925828e6355',
  '20Y46LxW32keOE40WSug0m'
);
insert into public.games_selection_options (
  game_id,
  selection_options_id
)
values (
  '20a645b9-6025-4a49-8463-9925828e6355',
  '55iuXF2pi8vvXi6BqotYBm'
);
insert into public.games_selection_options (
  game_id,
  selection_options_id
)
values (
  '74da0bc9-2b78-46ab-ae98-c8b61672ca48',
  '1ZTt4K1YfKI64IoQaAEW2A'
);
insert into public.games_selection_options (
  game_id,
  selection_options_id
)
values (
  '74da0bc9-2b78-46ab-ae98-c8b61672ca48',
  '1hSXl2C5j72Jd2VKlFiuPR'
);
insert into public.games_selection_options (
  game_id,
  selection_options_id
)
values (
  '74da0bc9-2b78-46ab-ae98-c8b61672ca48',
  '69HdQ20k6IAoIgcYiSGawe'
);
insert into public.games_selection_options (
  game_id,
  selection_options_id
)
values (
  '74da0bc9-2b78-46ab-ae98-c8b61672ca48',
  '3zGu1K4YfKYg0Us2qQgaQI'
);
insert into public.games_selection_options (
  game_id,
  selection_options_id
)
values (
  '74da0bc9-2b78-46ab-ae98-c8b61672ca48',
  '28rIuEPlAfKt9YTVLOA7Hl'
);
insert into public.games_selection_options (
  game_id,
  selection_options_id
)
values (
  '74da0bc9-2b78-46ab-ae98-c8b61672ca48',
  '74Rx10c7Fm6YGcMwaaI2yU'
);
insert into public.games_selection_options (
  game_id,
  selection_options_id
)
values (
  'e00137e4-287a-44ad-ae7c-af5970520ad6',
  '4nVwvAPt3foUNmgD2ql9fx'
);
insert into public.games_selection_options (
  game_id,
  selection_options_id
)
values (
  'e00137e4-287a-44ad-ae7c-af5970520ad6',
  '7zHJnICoY86ek8oISwYUsA'
);
insert into public.games_selection_options (
  game_id,
  selection_options_id
)
values (
  'e00137e4-287a-44ad-ae7c-af5970520ad6',
  'qVFUKKiqqWqsYMgOoamko'
);
insert into public.games_selection_options (
  game_id,
  selection_options_id
)
values (
  'e00137e4-287a-44ad-ae7c-af5970520ad6',
  '5xFKEwguVGKyGUOuqUMaS4'
);
insert into public.games_selection_options (
  game_id,
  selection_options_id
)
values (
  'e00137e4-287a-44ad-ae7c-af5970520ad6',
  '11DB9MSFHgskAckYiycuYc'
);
insert into public.games_selection_options (
  game_id,
  selection_options_id
)
values (
  'e00137e4-287a-44ad-ae7c-af5970520ad6',
  '7o4qCafyi9MPYNVYdwTuVh'
);
insert into public.games_selection_options (
  game_id,
  selection_options_id
)
values (
  '8fcf40c4-dd3f-457c-9073-7a792a9eed17',
  '7vhrRUnl0ksaYGAc4wu8kE'
);
insert into public.games_selection_options (
  game_id,
  selection_options_id
)
values (
  '8fcf40c4-dd3f-457c-9073-7a792a9eed17',
  '3doekO3OPm4Ac2YqQY2mWC'
);
insert into public.games_selection_options (
  game_id,
  selection_options_id
)
values (
  '8fcf40c4-dd3f-457c-9073-7a792a9eed17',
  '1k5Fcq6vicpmsEtgGCj6FG'
);
insert into public.games_selection_options (
  game_id,
  selection_options_id
)
values (
  '8fcf40c4-dd3f-457c-9073-7a792a9eed17',
  '5FHScUTZnyuC0AiCa6Aggc'
);
insert into public.games_selection_options (
  game_id,
  selection_options_id
)
values (
  '8fcf40c4-dd3f-457c-9073-7a792a9eed17',
  '61N1dIxKRqSGKwgSiKIqyE'
);
insert into public.games_selection_options (
  game_id,
  selection_options_id
)
values (
  '8fcf40c4-dd3f-457c-9073-7a792a9eed17',
  '1yAXw5gi8EusawQQw6A24M'
);
insert into public.headshot (
  employee_id,
  type,
  mime_type,
  photo_id,
  url,
  alt,
  height,
  width
)
values (
  '4NCJTL13UkK0qEIAAcg4IQ',
  'image',
  'image/jpeg',
  '4Mv2CONANym46UwuuCIgK',
  '//images.ctfassets.net/3cttzl4i3k1h/4Mv2CONANym46UwuuCIgK/cbeb43c93a843a43c07b1de9954795e2/headshot_joel_garrett.jpg',
  'headshot joel garrett',
  340,
  340
);
insert into public.headshot (
  employee_id,
  type,
  mime_type,
  photo_id,
  url,
  alt,
  height,
  width
)
values (
  '1X2lomt8iIYImCQysey6Eq',
  'image',
  'image/jpeg',
  '3BdQSQcuMgcs00qYoOuYSY',
  '//images.ctfassets.net/3cttzl4i3k1h/3BdQSQcuMgcs00qYoOuYSY/f0858540116928dc5fd0b2e84def8e19/headshot_jeff_ward.jpg',
  'headshot jeff ward',
  340,
  340
);
insert into public.headshot (
  employee_id,
  type,
  mime_type,
  photo_id,
  url,
  alt,
  height,
  width
)
values (
  '56zuFgdeoMqAOuIKe0M4AU',
  'image',
  'image/jpeg',
  'ezBlWGiV9ucqAsiOo0Iy2',
  '//images.ctfassets.net/3cttzl4i3k1h/ezBlWGiV9ucqAsiOo0Iy2/01a8ed75dd4a508b45defea73fef6e80/headshot_ashley_joost.jpg',
  'headshot ashley joost',
  340,
  340
);
insert into public.headshot (
  employee_id,
  type,
  mime_type,
  photo_id,
  url,
  alt,
  height,
  width
)
values (
  '29XgxedqmAO86mGeImqwEK',
  'image',
  'image/jpeg',
  '3SQLIq0Y36oYyaiwCSwOY8',
  '//images.ctfassets.net/3cttzl4i3k1h/3SQLIq0Y36oYyaiwCSwOY8/a65ae6620c8041b2773c1915156261d7/headshot_ben_frye.jpg',
  'headshot ben frye',
  340,
  340
);
insert into public.headshot (
  employee_id,
  type,
  mime_type,
  photo_id,
  url,
  alt,
  height,
  width
)
values (
  '2dMXmpIHPicQW6SW60qeKs',
  'image',
  'image/png',
  '64IBagkE0gga82G2W6cWsm',
  '//images.ctfassets.net/3cttzl4i3k1h/64IBagkE0gga82G2W6cWsm/c50b4ef18d2f13fd5824db5be592b2b0/Christy_HeadshotNew.png',
  'Christy Phillips, Chief Talent Officer at WillowTree, Inc.',
  705,
  705
);
insert into public.headshot (
  employee_id,
  type,
  mime_type,
  photo_id,
  url,
  alt,
  height,
  width
)
values (
  '4rugkOBzAcccWYKkKSqKQK',
  'image',
  'image/jpeg',
  '4bvFPBvTU4iO84MqGs4mge',
  '//images.ctfassets.net/3cttzl4i3k1h/4bvFPBvTU4iO84MqGs4mge/9181fa2ae7a0fa267e235f74033a2b9f/headshot_heather_raines2.jpg',
  'headshot heather raines2',
  340,
  340
);
insert into public.headshot (
  employee_id,
  type,
  mime_type,
  photo_id,
  url,
  alt,
  height,
  width
)
values (
  '5udIAbCug8Y8yYMSaM8w0u',
  'image',
  'image/jpeg',
  '2VVBxdMyas06mW6EWW4wgy',
  '//images.ctfassets.net/3cttzl4i3k1h/2VVBxdMyas06mW6EWW4wgy/960f7416dfe03de9e031528488b08f2f/headshot_rich_friedel.jpg',
  'headshot rich friedel',
  340,
  340
);
insert into public.headshot (
  employee_id,
  type,
  mime_type,
  photo_id,
  url,
  alt,
  height,
  width
)
values (
  '2Cnun2DT8QgUyuEME2ewMu',
  'image',
  'image/jpeg',
  '5d4QLKn9hCquWgYqu48sE8',
  '//images.ctfassets.net/3cttzl4i3k1h/5d4QLKn9hCquWgYqu48sE8/0902ef789a53c68c8f44e9f5afe4a8ca/headshot_eric_richardson3.jpg',
  'headshot eric richardson3',
  340,
  340
);
insert into public.headshot (
  employee_id,
  type,
  mime_type,
  photo_id,
  url,
  alt,
  height,
  width
)
values (
  '2eHtpKOwuAIuSu6MmOcCyK',
  'image',
  'image/jpeg',
  '4K20RbTFC0yCGcgQW2Cwus',
  '//images.ctfassets.net/3cttzl4i3k1h/4K20RbTFC0yCGcgQW2Cwus/a9cca9c68e1c4477d38f2838e5e12807/headshot_adam_shea.jpg',
  'headshot adam shea',
  340,
  340
);
insert into public.headshot (
  employee_id,
  type,
  mime_type,
  photo_id,
  url,
  alt,
  height,
  width
)
values (
  'ZXJst3C2o6CGSeOkaMw4W',
  'image',
  'image/png',
  '5TtGDrZNAcm6oW6IGCQkAS',
  '//images.ctfassets.net/3cttzl4i3k1h/5TtGDrZNAcm6oW6IGCQkAS/1afd3665e9b0d3a06f433dd7bebf737f/td.png',
  'Tobias Dengel, CEO of WillowTree, Inc.',
  664,
  664
);
insert into public.headshot (
  employee_id,
  type,
  mime_type,
  photo_id,
  url,
  alt,
  height,
  width
)
values (
  '5DcwFnVPDGumWIEcMue6U2',
  'image',
  'image/jpeg',
  '6JBw2VPAruCaKeuKYu6Oky',
  '//images.ctfassets.net/3cttzl4i3k1h/6JBw2VPAruCaKeuKYu6Oky/28d15786a026a1528a7a69d9c479fed3/headshot_erik_lamanna2.jpg',
  'headshot erik lamanna2',
  340,
  340
);
insert into public.headshot (
  employee_id,
  type,
  mime_type,
  photo_id,
  url,
  alt,
  height,
  width
)
values (
  '3xocJIz0AMuUOQmAS4kcQS',
  'image',
  'image/png',
  '1NVAqQfpqQg7LX7nS86XtJ',
  '//images.ctfassets.net/3cttzl4i3k1h/1NVAqQfpqQg7LX7nS86XtJ/6c17b7fd0506fe380175d80bb62a82c3/image__26_.png',
  'Nate',
  747,
  732
);
insert into public.headshot (
  employee_id,
  type,
  mime_type,
  photo_id,
  url,
  alt,
  height,
  width
)
values (
  'GronavKyOq6WaWwy6ggcy',
  'image',
  'image/jpeg',
  '1YVnmELNJi4CgUmIWUWgQE',
  '//images.ctfassets.net/3cttzl4i3k1h/1YVnmELNJi4CgUmIWUWgQE/ddd718224b5076b6d966ac732f94692b/headshot_andrew_carter.jpg',
  'headshot andrew carter',
  340,
  340
);
insert into public.headshot (
  employee_id,
  type,
  mime_type,
  photo_id,
  url,
  alt,
  height,
  width
)
values (
  '20Y46LxW32keOE40WSug0m',
  'image',
  'image/jpeg',
  'b7sBuAaW08QQIqaCUUMIQ',
  '//images.ctfassets.net/3cttzl4i3k1h/b7sBuAaW08QQIqaCUUMIQ/d1fbdbfe2ffb7f6b4d31daddfafb4fdb/headshot_mike_ross.jpg',
  'headshot mike ross',
  340,
  340
);
insert into public.headshot (
  employee_id,
  type,
  mime_type,
  photo_id,
  url,
  alt,
  height,
  width
)
values (
  '5Vl4KEWDT2QY6iqAE2USUo',
  'image',
  'image/jpeg',
  '5d4qeJe7O0QOk0Ayq6U6W0',
  '//images.ctfassets.net/3cttzl4i3k1h/5d4qeJe7O0QOk0Ayq6U6W0/26c999d11f2f9c04b48ae65456b1acf7/headshot_emily_seibert.jpg',
  'headshot emily seibert',
  340,
  340
);
insert into public.headshot (
  employee_id,
  type,
  mime_type,
  photo_id,
  url,
  alt,
  height,
  width
)
values (
  '2MJZzvffY4UwCAOUGE4q8q',
  'image',
  'None',
  'no id configured',
  'None',
  'no title configured',
  0,
  0
);
insert into public.headshot (
  employee_id,
  type,
  mime_type,
  photo_id,
  url,
  alt,
  height,
  width
)
values (
  '9bEzPLdBAcOeQKmIyeywS',
  'image',
  'image/png',
  '3KgxaaMoKAcCeGW08sgM2o',
  '//images.ctfassets.net/3cttzl4i3k1h/3KgxaaMoKAcCeGW08sgM2o/8ac41a03439c760e1506df30c8db08b6/blake-headshot2.png',
  'Blake Sirach, Chief Experience Office at WillowTree, Inc.',
  1500,
  1501
);
insert into public.headshot (
  employee_id,
  type,
  mime_type,
  photo_id,
  url,
  alt,
  height,
  width
)
values (
  '5o8FknMJ4kC0eouSgEcKUm',
  'image',
  'image/jpeg',
  'aUQmOos9OwOIiA2qAS8Yq',
  '//images.ctfassets.net/3cttzl4i3k1h/aUQmOos9OwOIiA2qAS8Yq/34c2d097fa5dd441e7f19faf4fa5f807/IMG_1182.jpg',
  'headshot peter centofante',
  584,
  584
);
insert into public.headshot (
  employee_id,
  type,
  mime_type,
  photo_id,
  url,
  alt,
  height,
  width
)
values (
  '2PngvjLZLGImKKq68iC6Yc',
  'image',
  'image/png',
  '2Xl9FtYx4cMEgaiyoQEIue',
  '//images.ctfassets.net/3cttzl4i3k1h/2Xl9FtYx4cMEgaiyoQEIue/e6c650aae70c18f68fb2e5aee92a21d8/kevin.png',
  'Kevin Snead, VP of Engineering at WillowTree, Inc.',
  664,
  664
);
insert into public.headshot (
  employee_id,
  type,
  mime_type,
  photo_id,
  url,
  alt,
  height,
  width
)
values (
  'dGkTvWVcmAAC04aCQW0mS',
  'image',
  'image/png',
  '2Qa3suSnmoOewQaYeECSU6',
  '//images.ctfassets.net/3cttzl4i3k1h/2Qa3suSnmoOewQaYeECSU6/0599901f5d2242efe4f3c622063e42bd/mm.png',
  'Mike Moore, Chief Commercial Officer at WillowTree, Inc.',
  664,
  664
);
insert into public.headshot (
  employee_id,
  type,
  mime_type,
  photo_id,
  url,
  alt,
  height,
  width
)
values (
  '6lpOoKHp3UaOYA4EQ4S8Q6',
  'image',
  'None',
  'no id configured',
  'None',
  'no title configured',
  0,
  0
);
insert into public.headshot (
  employee_id,
  type,
  mime_type,
  photo_id,
  url,
  alt,
  height,
  width
)
values (
  '3tGbSlO6vK8qKEeayIYS0c',
  'image',
  'image/png',
  'AJiKnzF8HIKCOiIsKayK2',
  '//images.ctfassets.net/3cttzl4i3k1h/AJiKnzF8HIKCOiIsKayK2/336955258da0f332233a613cd77327da/adrian.png',
  'Adrian Guevara, VP of Security at WillowTree, Inc.',
  664,
  664
);
insert into public.headshot (
  employee_id,
  type,
  mime_type,
  photo_id,
  url,
  alt,
  height,
  width
)
values (
  '3UanW3Rdq08YuyeocUcU8K',
  'image',
  'image/jpeg',
  '5r2fhTlTsAy6eGoCAe86eI',
  '//images.ctfassets.net/3cttzl4i3k1h/5r2fhTlTsAy6eGoCAe86eI/6921e99019a225377eee95bcc12a8eec/T0287KQCQ-U04FPAT28-df05e044d31e-512.jpg',
  'headshot jordan schreuder',
  512,
  512
);
insert into public.headshot (
  employee_id,
  type,
  mime_type,
  photo_id,
  url,
  alt,
  height,
  width
)
values (
  '7LIMW8fkOWi8C8yccCcYC',
  'image',
  'image/jpeg',
  '4bJK0fGhVSe2saeWs0kyac',
  '//images.ctfassets.net/3cttzl4i3k1h/4bJK0fGhVSe2saeWs0kyac/27b918a51f242932ef41d2bce6f98c46/headshot_sam_jones.jpg',
  'headshot sam jones',
  340,
  340
);
insert into public.headshot (
  employee_id,
  type,
  mime_type,
  photo_id,
  url,
  alt,
  height,
  width
)
values (
  '336esrta1WmIOqa06m0qog',
  'image',
  'image/jpeg',
  '5Jkhg0xi12WWkQy6Sq0MaE',
  '//images.ctfassets.net/3cttzl4i3k1h/5Jkhg0xi12WWkQy6Sq0MaE/f2ba4b01b05a7a60c30a5e26c5684d2b/blog-featured-In_Memoriam_Whitney_French.jpg',
  'headshot whitney french',
  600,
  1400
);
insert into public.headshot (
  employee_id,
  type,
  mime_type,
  photo_id,
  url,
  alt,
  height,
  width
)
values (
  '1N1fKFmUuMG6YwiKEowcsw',
  'image',
  'image/jpeg',
  '33GORUYsZ2GW26wQGeMoEK',
  '//images.ctfassets.net/3cttzl4i3k1h/33GORUYsZ2GW26wQGeMoEK/9209c49185789402ea67bf495906b586/headshot_andrew_harris.jpg',
  'headshot andrew harris',
  340,
  340
);
insert into public.headshot (
  employee_id,
  type,
  mime_type,
  photo_id,
  url,
  alt,
  height,
  width
)
values (
  '5is2VWvwg8CikSkeoosmu6',
  'image',
  'image/jpeg',
  '6SaAMdVVEQsIMumMAWQ04S',
  '//images.ctfassets.net/3cttzl4i3k1h/6SaAMdVVEQsIMumMAWQ04S/e0efe956903d3eb891470ba79d4804d0/headshot_tesceline_tabilas.jpg',
  'headshot tesceline tabilas',
  340,
  340
);
insert into public.headshot (
  employee_id,
  type,
  mime_type,
  photo_id,
  url,
  alt,
  height,
  width
)
values (
  '5hNC6JUqukwOKu8egksAqu',
  'image',
  'image/jpeg',
  '53epb9f6XYQq0U0s4yi0uy',
  '//images.ctfassets.net/3cttzl4i3k1h/53epb9f6XYQq0U0s4yi0uy/ea8f61d2f7120a8ae1c30aa270a292b4/headshot_ian_terrell.jpg',
  'headshot ian terrell',
  340,
  340
);
insert into public.headshot (
  employee_id,
  type,
  mime_type,
  photo_id,
  url,
  alt,
  height,
  width
)
values (
  '3o2ztrM3zOgE0aEeuyUWQ0',
  'image',
  'image/jpeg',
  '6otxUtaGf6E2eaY6mG604i',
  '//images.ctfassets.net/3cttzl4i3k1h/6otxUtaGf6E2eaY6mG604i/6216d9538a04981f5d1ea8d9865b7b88/headshot_pete_springett.jpg',
  'headshot pete springett',
  340,
  340
);
insert into public.headshot (
  employee_id,
  type,
  mime_type,
  photo_id,
  url,
  alt,
  height,
  width
)
values (
  '4bDutgPzSw8Qie0IkgmcU6',
  'image',
  'image/jpeg',
  'vdd3QjTlfiyCKWa2AGOUo',
  '//images.ctfassets.net/3cttzl4i3k1h/vdd3QjTlfiyCKWa2AGOUo/ae84382c9a30dfde1f62dd792d8a006e/headshot_michael_prichard.jpg',
  'headshot michael prichard',
  340,
  340
);
insert into public.headshot (
  employee_id,
  type,
  mime_type,
  photo_id,
  url,
  alt,
  height,
  width
)
values (
  '4f0HPrOjBYWWEw06eU26Q',
  'image',
  'image/jpeg',
  '4IqIPfZlFeK4SMC2GCSE4q',
  '//images.ctfassets.net/3cttzl4i3k1h/4IqIPfZlFeK4SMC2GCSE4q/b29bf93afec3cab2a55f6e6a8c98a351/headshot_sean_harvey.jpg',
  'headshot sean harvey',
  340,
  340
);
insert into public.headshot (
  employee_id,
  type,
  mime_type,
  photo_id,
  url,
  alt,
  height,
  width
)
values (
  'cHirYYyMH6iS6gIGm4UWQ',
  'image',
  'image/jpeg',
  'b7sBuAaW08QQIqaCUUMIQ',
  '//images.ctfassets.net/3cttzl4i3k1h/b7sBuAaW08QQIqaCUUMIQ/d1fbdbfe2ffb7f6b4d31daddfafb4fdb/headshot_mike_ross.jpg',
  'headshot mike ross',
  340,
  340
);
insert into public.headshot (
  employee_id,
  type,
  mime_type,
  photo_id,
  url,
  alt,
  height,
  width
)
values (
  '124YwfWhlG6Uica2Ck8WEM',
  'image',
  'image/jpeg',
  '3fRbjh7Rra2EqUieu0UgQa',
  '//images.ctfassets.net/3cttzl4i3k1h/3fRbjh7Rra2EqUieu0UgQa/f8a92ef3d572e4fc39b4cedf417d574d/headshot_matt_morrison.jpg',
  'headshot matt morrison',
  340,
  340
);
insert into public.headshot (
  employee_id,
  type,
  mime_type,
  photo_id,
  url,
  alt,
  height,
  width
)
values (
  '5AtfuGiuvmUuEWeI00QwAa',
  'image',
  'image/jpeg',
  '55RXhzVvdS6ymW2SGUcegM',
  '//images.ctfassets.net/3cttzl4i3k1h/55RXhzVvdS6ymW2SGUcegM/686da971b63a4b1be0cced3c09de9937/headshot_jackson_taylor.jpg',
  'headshot jackson taylor',
  340,
  340
);
insert into public.headshot (
  employee_id,
  type,
  mime_type,
  photo_id,
  url,
  alt,
  height,
  width
)
values (
  '6uDdi3KAggc0iACGckiyMw',
  'image',
  'image/jpeg',
  '4bT2XiacbumqWuAYC4cY4m',
  '//images.ctfassets.net/3cttzl4i3k1h/4bT2XiacbumqWuAYC4cY4m/53acabf5dfbf0e0b8703243f85778f35/headshot_ryan_grigsby2.jpg',
  'headshot ryan grigsby2',
  340,
  340
);
insert into public.headshot (
  employee_id,
  type,
  mime_type,
  photo_id,
  url,
  alt,
  height,
  width
)
values (
  'YhcZTCn0KicuQmEuQEYoW',
  'image',
  'image/jpeg',
  '2Ee0kv4vAMGW6ukaWIQsiq',
  '//images.ctfassets.net/3cttzl4i3k1h/2Ee0kv4vAMGW6ukaWIQsiq/2575f0b8da98baf02d01687c0630f3bf/headshot_tyler_romeo.jpg',
  'headshot tyler romeo',
  340,
  340
);
insert into public.headshot (
  employee_id,
  type,
  mime_type,
  photo_id,
  url,
  alt,
  height,
  width
)
values (
  '6btNXZhuo0uQSo4icYqGyO',
  'image',
  'image/jpeg',
  '3lcliXPNFeIaWUA4GUMEO4',
  '//images.ctfassets.net/3cttzl4i3k1h/3lcliXPNFeIaWUA4GUMEO4/13db5b49dc2a746d03dbecbb05501f84/headshot_preston_brown.jpg',
  'headshot preston brown',
  340,
  340
);
insert into public.headshot (
  employee_id,
  type,
  mime_type,
  photo_id,
  url,
  alt,
  height,
  width
)
values (
  '33wpGNOyL6CKMEsMgaEMK2',
  'image',
  'image/jpeg',
  '6KjjPvho4MI2AQq6yKAGgC',
  '//images.ctfassets.net/3cttzl4i3k1h/6KjjPvho4MI2AQq6yKAGgC/153974095ed9b4bf14c8a93544c5b08b/headshot_halen_wooten.jpg',
  'headshot halen wooten',
  340,
  340
);
insert into public.headshot (
  employee_id,
  type,
  mime_type,
  photo_id,
  url,
  alt,
  height,
  width
)
values (
  '7zNwpL4C3KqYqW88UWmokg',
  'image',
  'image/jpeg',
  '2JbFih4rzyK8E0eIUmUCeo',
  '//images.ctfassets.net/3cttzl4i3k1h/2JbFih4rzyK8E0eIUmUCeo/b28d41104e6558ec3e12e1845f1ead59/headshot_will_ellis.jpg',
  'headshot will ellis',
  340,
  340
);
insert into public.headshot (
  employee_id,
  type,
  mime_type,
  photo_id,
  url,
  alt,
  height,
  width
)
values (
  '5zeP4yE3LiUk8iKCyyoEaQ',
  'image',
  'image/jpeg',
  '2jsQT4AK28SY6AcwQAYsmk',
  '//images.ctfassets.net/3cttzl4i3k1h/2jsQT4AK28SY6AcwQAYsmk/3427e7287bc1f6d308f78e7c03465b84/headshot_kevin_conner.jpg',
  'headshot kevin conner',
  340,
  340
);
insert into public.headshot (
  employee_id,
  type,
  mime_type,
  photo_id,
  url,
  alt,
  height,
  width
)
values (
  '2vhctN1Zfeo6EeUc0maEUG',
  'image',
  'image/jpeg',
  '2T3Zwb9Q0ggOYGSucgiuCg',
  '//images.ctfassets.net/3cttzl4i3k1h/2T3Zwb9Q0ggOYGSucgiuCg/5fcc3841463e48b666b802eea7626872/headshot_austen_lux2.jpg',
  'headshot austen lux2',
  340,
  340
);
insert into public.headshot (
  employee_id,
  type,
  mime_type,
  photo_id,
  url,
  alt,
  height,
  width
)
values (
  '6A18REzQJOiskCYQgaMYQa',
  'image',
  'image/jpeg',
  '5oTPOfrAkwUS8y2w6IwsuO',
  '//images.ctfassets.net/3cttzl4i3k1h/5oTPOfrAkwUS8y2w6IwsuO/1b0d814ee9b435e159573c4b701eab28/headshot_sean_amos.jpg',
  'headshot sean amos',
  340,
  340
);
insert into public.headshot (
  employee_id,
  type,
  mime_type,
  photo_id,
  url,
  alt,
  height,
  width
)
values (
  '5MsUfUPfPOIwgIMaG4WEWq',
  'image',
  'image/jpeg',
  '4NOPMmgszSWyMoyCE6Wu0g',
  '//images.ctfassets.net/3cttzl4i3k1h/4NOPMmgszSWyMoyCE6Wu0g/f249608b8ae70b326e79a4432f89f8c2/headshot_john_loy.jpg',
  'headshot john loy',
  340,
  340
);
insert into public.headshot (
  employee_id,
  type,
  mime_type,
  photo_id,
  url,
  alt,
  height,
  width
)
values (
  '13aHloIWnOmcQQyM4UU0ok',
  'image',
  'image/jpeg',
  '5cEKDmCEreguEQoI0UyyIU',
  '//images.ctfassets.net/3cttzl4i3k1h/5cEKDmCEreguEQoI0UyyIU/82057cf4bdba765547db325be5738f6d/headshot_jeremy_stern.jpg',
  'headshot jeremy stern',
  340,
  340
);
insert into public.headshot (
  employee_id,
  type,
  mime_type,
  photo_id,
  url,
  alt,
  height,
  width
)
values (
  '10wbWMtbYaIcwQoWgY646W',
  'image',
  'image/png',
  '5ZUiD3uOByWWuaSQsayAQ6',
  '//images.ctfassets.net/3cttzl4i3k1h/5ZUiD3uOByWWuaSQsayAQ6/c630e7f851d5adb1876c118dc4811aed/featured-image-TEST1.png',
  'WillowTree default article featured image',
  600,
  1400
);
insert into public.headshot (
  employee_id,
  type,
  mime_type,
  photo_id,
  url,
  alt,
  height,
  width
)
values (
  '6bKffcIDjGUsU8cEiCAkWK',
  'image',
  'image/jpeg',
  '14bVAVci14OGoUGIUOYKGI',
  '//images.ctfassets.net/3cttzl4i3k1h/14bVAVci14OGoUGIUOYKGI/b2d700cbd607eaa33ff7310ee2d9dede/headshot_evan_tatarka.jpg',
  'headshot evan tatarka',
  340,
  340
);
insert into public.headshot (
  employee_id,
  type,
  mime_type,
  photo_id,
  url,
  alt,
  height,
  width
)
values (
  '2UUFBWewvYsyYIsC08ugWK',
  'image',
  'image/jpeg',
  '6RONTEtFIICiM4a0ckskiw',
  '//images.ctfassets.net/3cttzl4i3k1h/6RONTEtFIICiM4a0ckskiw/2c9be82630792914b8bc77bdd887d4c9/headshot_tatyana_casino.jpg',
  'headshot tatyana casino',
  340,
  340
);
insert into public.headshot (
  employee_id,
  type,
  mime_type,
  photo_id,
  url,
  alt,
  height,
  width
)
values (
  '2JO6Ky4MVaQqEYQos42MKk',
  'image',
  'image/jpeg',
  '4FD6akhoHY4WmmUC4IgSg6',
  '//images.ctfassets.net/3cttzl4i3k1h/4FD6akhoHY4WmmUC4IgSg6/ecea6faa7ab6e2da40cb575a702e5ba5/headshot_matt_wolfe.jpg',
  'headshot matt wolfe',
  340,
  340
);
insert into public.headshot (
  employee_id,
  type,
  mime_type,
  photo_id,
  url,
  alt,
  height,
  width
)
values (
  '4vP0ODY2BqeaGgeWiqqw0E',
  'image',
  'image/jpeg',
  '1fcq8yhkgOOQc8iS2yo0YK',
  '//images.ctfassets.net/3cttzl4i3k1h/1fcq8yhkgOOQc8iS2yo0YK/b186e7f0203f7b8391b6d73e85acb2e5/IMG_1190.jpg',
  'headshot julia swenson',
  2622,
  2622
);
insert into public.headshot (
  employee_id,
  type,
  mime_type,
  photo_id,
  url,
  alt,
  height,
  width
)
values (
  '7vhrRUnl0ksaYGAc4wu8kE',
  'image',
  'image/jpeg',
  '46AT04lolyu8QcUagwKIik',
  '//images.ctfassets.net/3cttzl4i3k1h/46AT04lolyu8QcUagwKIik/6ec87624262ffdd755e2e4dde8b8b918/headshot_scott_zetlan.jpg',
  'headshot scott zetlan',
  340,
  340
);
insert into public.headshot (
  employee_id,
  type,
  mime_type,
  photo_id,
  url,
  alt,
  height,
  width
)
values (
  '4YKWqsxefuuOUkQc8oiWaQ',
  'image',
  'image/jpeg',
  '4Qcr7oYHCgC4M2WU4kIcao',
  '//images.ctfassets.net/3cttzl4i3k1h/4Qcr7oYHCgC4M2WU4kIcao/9360ac59c805db9aa8bfe0eaccf1828e/headshot_frank_doyle.jpg',
  'headshot frank doyle',
  340,
  340
);
insert into public.headshot (
  employee_id,
  type,
  mime_type,
  photo_id,
  url,
  alt,
  height,
  width
)
values (
  '4KlJjxVUAEmSGaAEqOSQeW',
  'image',
  'image/jpeg',
  '5YCG4GQso04o0wmoW2y8C8',
  '//images.ctfassets.net/3cttzl4i3k1h/5YCG4GQso04o0wmoW2y8C8/99cd8570b00d4175cb3d5788eb9268a1/headshot_charlie_chandler.jpg',
  'headshot charlie chandler',
  340,
  340
);
insert into public.headshot (
  employee_id,
  type,
  mime_type,
  photo_id,
  url,
  alt,
  height,
  width
)
values (
  '4k4ksxlNHqy8y02Gs22CkY',
  'image',
  'image/jpeg',
  '2I5ixOSn0AsyWaMe0mEGMs',
  '//images.ctfassets.net/3cttzl4i3k1h/2I5ixOSn0AsyWaMe0mEGMs/09ef8a0e1f4838b3e5c561f88f640de7/headshot_ashby_bowles.jpg',
  'headshot ashby bowles',
  340,
  340
);
insert into public.headshot (
  employee_id,
  type,
  mime_type,
  photo_id,
  url,
  alt,
  height,
  width
)
values (
  '5sxAA7BHUIGCw2e8QsYoOq',
  'image',
  'image/png',
  '2cQSmiSPU0o4S8OGqaAueu',
  '//images.ctfassets.net/3cttzl4i3k1h/2cQSmiSPU0o4S8OGqaAueu/95184d30ab0e123593bfc9082c83a16d/headshot_dayne_mauney2',
  'headshot dayne mauney2',
  340,
  340
);
insert into public.headshot (
  employee_id,
  type,
  mime_type,
  photo_id,
  url,
  alt,
  height,
  width
)
values (
  '11DB9MSFHgskAckYiycuYc',
  'image',
  'image/jpeg',
  '2NXl6pRtmUegGuwm0GquI8',
  '//images.ctfassets.net/3cttzl4i3k1h/2NXl6pRtmUegGuwm0GquI8/99e81523931a91bc9ccc68df33d2bdad/IMG_20161221_135602.jpg',
  'joss-casual',
  2830,
  2502
);
insert into public.headshot (
  employee_id,
  type,
  mime_type,
  photo_id,
  url,
  alt,
  height,
  width
)
values (
  '5HpWL8S1aMoA6aomq06Soe',
  'image',
  'image/jpeg',
  '4tMYOnVNZuwi2c6Gm8c4II',
  '//images.ctfassets.net/3cttzl4i3k1h/4tMYOnVNZuwi2c6Gm8c4II/b74d273ca86274f8efc64a0f487297cb/headshot_matt_yohe.jpg',
  'headshot matt yohe',
  340,
  340
);
insert into public.headshot (
  employee_id,
  type,
  mime_type,
  photo_id,
  url,
  alt,
  height,
  width
)
values (
  '6CrM4BdoJ2yUmeaOAYsCA2',
  'image',
  'None',
  '4FqNlnRragAUO0qKUMIi0G',
  'None',
  'no title configured',
  0,
  0
);
insert into public.headshot (
  employee_id,
  type,
  mime_type,
  photo_id,
  url,
  alt,
  height,
  width
)
values (
  '63zMjzatos6gkWEYkMAmsM',
  'image',
  'image/jpeg',
  '45CI0BcKXCMK8IaOuI6OeW',
  '//images.ctfassets.net/3cttzl4i3k1h/45CI0BcKXCMK8IaOuI6OeW/fcf2e2790ac4d3aadff047efe34567ab/headshot_jordan_dunn.jpg',
  'headshot jordan dunn',
  340,
  340
);
insert into public.headshot (
  employee_id,
  type,
  mime_type,
  photo_id,
  url,
  alt,
  height,
  width
)
values (
  '5CBPi94yKkyWAMWqmWigak',
  'image',
  'image/png',
  '5ZUiD3uOByWWuaSQsayAQ6',
  '//images.ctfassets.net/3cttzl4i3k1h/5ZUiD3uOByWWuaSQsayAQ6/c630e7f851d5adb1876c118dc4811aed/featured-image-TEST1.png',
  'WillowTree default article featured image',
  600,
  1400
);
insert into public.headshot (
  employee_id,
  type,
  mime_type,
  photo_id,
  url,
  alt,
  height,
  width
)
values (
  'WMZBgojs4K2yoWGcasYci',
  'image',
  'image/jpeg',
  '7hsmsmmYlGYooGwAQYAWuS',
  '//images.ctfassets.net/3cttzl4i3k1h/7hsmsmmYlGYooGwAQYAWuS/11fdb68353caee3d2a73d4b8b40ebd66/headshot_brandon_carter.jpg',
  'headshot brandon carter',
  340,
  340
);
insert into public.headshot (
  employee_id,
  type,
  mime_type,
  photo_id,
  url,
  alt,
  height,
  width
)
values (
  '4SZdEPpNGUAsw8OWciISwk',
  'image',
  'image/jpeg',
  'L28h9JXy7EfaSHKbVieIZ',
  '//images.ctfassets.net/3cttzl4i3k1h/L28h9JXy7EfaSHKbVieIZ/38a23798b9602f9880705d02b76cc965/jesseprehodick.jpg',
  'jesseprehodick',
  170,
  170
);
insert into public.headshot (
  employee_id,
  type,
  mime_type,
  photo_id,
  url,
  alt,
  height,
  width
)
values (
  '3nYZCiQcicEEGqsQiCekuc',
  'image',
  'image/jpeg',
  '2pmplLH7ik4eEOAG8uE08W',
  '//images.ctfassets.net/3cttzl4i3k1h/2pmplLH7ik4eEOAG8uE08W/90ec4005f534f64d06153314bfc30f37/headshot_matt_hewes.jpg',
  'headshot matt hewes',
  340,
  340
);
insert into public.headshot (
  employee_id,
  type,
  mime_type,
  photo_id,
  url,
  alt,
  height,
  width
)
values (
  '2Py3OXbu4MSKMYAEii2mwY',
  'image',
  'image/jpeg',
  '77Md1XrN9m0UUS82eyMuGY',
  '//images.ctfassets.net/3cttzl4i3k1h/77Md1XrN9m0UUS82eyMuGY/91e97bf89afb939fbb723abec51898b7/headshot_matt_dawson2.jpg',
  'headshot matt dawson2',
  340,
  340
);
insert into public.headshot (
  employee_id,
  type,
  mime_type,
  photo_id,
  url,
  alt,
  height,
  width
)
values (
  '5g2tJNSvhmqayaI0eqAWiq',
  'image',
  'image/jpeg',
  '1TEwtbgPsQIkks2Aq8G6Y0',
  '//images.ctfassets.net/3cttzl4i3k1h/1TEwtbgPsQIkks2Aq8G6Y0/afe3eb6b22021bf1f04e86eb1ffcb35f/headshot_alex_shafran.jpg',
  'headshot alex shafran',
  340,
  340
);
insert into public.headshot (
  employee_id,
  type,
  mime_type,
  photo_id,
  url,
  alt,
  height,
  width
)
values (
  '52sUSQZiQUqo0ege4wUmy4',
  'image',
  'image/jpeg',
  'avLdCFJYHKqWOeagmWq6u',
  '//images.ctfassets.net/3cttzl4i3k1h/avLdCFJYHKqWOeagmWq6u/11b0d92856fbbba84c9da2c94f23c2c0/headshot_matt_baranowski2.jpg',
  'headshot matt baranowski2',
  340,
  340
);
insert into public.headshot (
  employee_id,
  type,
  mime_type,
  photo_id,
  url,
  alt,
  height,
  width
)
values (
  '4lh5w7atvOgYsEggioUiCU',
  'image',
  'image/jpeg',
  'iRC8dDiIRqYSAgkSo4keS',
  '//images.ctfassets.net/3cttzl4i3k1h/iRC8dDiIRqYSAgkSo4keS/55a8612209d30f18054c7450be9c3c40/headshot_angela_batton.jpg',
  'headshot angela batton',
  340,
  340
);
insert into public.headshot (
  employee_id,
  type,
  mime_type,
  photo_id,
  url,
  alt,
  height,
  width
)
values (
  'p7Mrn8Pjsyc0W2mSuiKWy',
  'image',
  'image/jpeg',
  '5OVY2auylyqQYUMKMsa2Ey',
  '//images.ctfassets.net/3cttzl4i3k1h/5OVY2auylyqQYUMKMsa2Ey/e2ae642b795db24307f7385640b4e202/headshot_patrick_omalley.jpg',
  'headshot patrick omalley',
  340,
  340
);
insert into public.headshot (
  employee_id,
  type,
  mime_type,
  photo_id,
  url,
  alt,
  height,
  width
)
values (
  '65nBbIgj5eyyCksEOyQ4UK',
  'image',
  'image/jpeg',
  'aPorIxNeOAy8A8sYko4uE',
  '//images.ctfassets.net/3cttzl4i3k1h/aPorIxNeOAy8A8sYko4uE/583dbb42cc5684ae1c20c0c087ec111e/headshot_matt_oconnell.jpg',
  'headshot matt oconnell',
  340,
  340
);
insert into public.headshot (
  employee_id,
  type,
  mime_type,
  photo_id,
  url,
  alt,
  height,
  width
)
values (
  '2JK2zW1eG42C00wYeoC68y',
  'image',
  'image/jpeg',
  '3JSJ4RrJlKyqgUuiwG6Ywq',
  '//images.ctfassets.net/3cttzl4i3k1h/3JSJ4RrJlKyqgUuiwG6Ywq/dfbda212a041978f5abbc9efb39572be/IMG_6700.jpg',
  'Derek Brameyer, VP of Operations - Durham, at WillowTree, Inc.',
  872,
  877
);
insert into public.headshot (
  employee_id,
  type,
  mime_type,
  photo_id,
  url,
  alt,
  height,
  width
)
values (
  '61N1dIxKRqSGKwgSiKIqyE',
  'image',
  'image/png',
  '1WnOnKGDlKwMGUGiqcQikG',
  '//images.ctfassets.net/3cttzl4i3k1h/1WnOnKGDlKwMGUGiqcQikG/7adb91b7129e030051b35c9fdb948de2/will.png',
  'Will Mayo, VP of Business Development at WillowTree, Inc.',
  664,
  664
);
insert into public.headshot (
  employee_id,
  type,
  mime_type,
  photo_id,
  url,
  alt,
  height,
  width
)
values (
  '2GxLv4FiPKiCYS4aQoyGK8',
  'image',
  'image/jpeg',
  '5KxDi1sp1YskmakeiQQCKg',
  '//images.ctfassets.net/3cttzl4i3k1h/5KxDi1sp1YskmakeiQQCKg/0d4afcd578d8ffa0e48bac7781d5cc89/headshot_nate_vogt.jpg',
  'headshot nate vogt',
  340,
  340
);
insert into public.headshot (
  employee_id,
  type,
  mime_type,
  photo_id,
  url,
  alt,
  height,
  width
)
values (
  '10RbMxoaP0A6amcAoGeSC2',
  'image',
  'image/jpeg',
  '552Fh0Hfu8AWsSEYmWkEwe',
  '//images.ctfassets.net/3cttzl4i3k1h/552Fh0Hfu8AWsSEYmWkEwe/d009da1a01e640d39aa50b6300e7ae32/headshot_lizzie_batman.jpg',
  'headshot lizzie batman',
  340,
  340
);
insert into public.headshot (
  employee_id,
  type,
  mime_type,
  photo_id,
  url,
  alt,
  height,
  width
)
values (
  '2CRuj65BL2sqkwoWQwmUEM',
  'image',
  'image/jpeg',
  '26Y9dR5jGQC46AgEMImQGC',
  '//images.ctfassets.net/3cttzl4i3k1h/26Y9dR5jGQC46AgEMImQGC/777ad530ba72207014c0f5ca01cf7494/headshot_bijal_patel.jpg',
  'headshot bijal patel',
  340,
  340
);
insert into public.headshot (
  employee_id,
  type,
  mime_type,
  photo_id,
  url,
  alt,
  height,
  width
)
values (
  '3sXbQQ3NIsCiEuqMQeWwcw',
  'image',
  'image/jpeg',
  '5IE4PexFLyaa0CIQqsSc6k',
  '//images.ctfassets.net/3cttzl4i3k1h/5IE4PexFLyaa0CIQqsSc6k/2d931febbbbd1d5187c8631b2cff67f9/headshot_cassie_sharpe-150x150_2x.jpg',
  'Cassie Sharpe Headshot',
  300,
  300
);
insert into public.headshot (
  employee_id,
  type,
  mime_type,
  photo_id,
  url,
  alt,
  height,
  width
)
values (
  '57brgwaTHyQG4YiGqcw6Ek',
  'image',
  'image/jpeg',
  '2HjLIfR8zmOcg2C86kkYi6',
  '//images.ctfassets.net/3cttzl4i3k1h/2HjLIfR8zmOcg2C86kkYi6/25583332586d774acec16985346f0878/headshot_kevin_welcher.jpg',
  'headshot kevin welcher',
  340,
  340
);
insert into public.headshot (
  employee_id,
  type,
  mime_type,
  photo_id,
  url,
  alt,
  height,
  width
)
values (
  '7zHJnICoY86ek8oISwYUsA',
  'image',
  'image/jpeg',
  '2CwPAXLUrklCiozklZ8ShJ',
  '//images.ctfassets.net/3cttzl4i3k1h/2CwPAXLUrklCiozklZ8ShJ/0f085ded426ebede60504f3919d5b387/barrybryantoldheadshot.jpg',
  'barrybryantoldheadshot',
  170,
  170
);
insert into public.headshot (
  employee_id,
  type,
  mime_type,
  photo_id,
  url,
  alt,
  height,
  width
)
values (
  '406rycFMu40YkMEQ8iW6s6',
  'image',
  'image/png',
  '5PO8DVEsg0Wyo0iGcOq0Ui',
  '//images.ctfassets.net/3cttzl4i3k1h/5PO8DVEsg0Wyo0iGcOq0Ui/6a21db753b91315ecba9852ab22723d4/abby.png',
  'Abby Cook, Controller at WillowTree, Inc.',
  660,
  660
);
insert into public.headshot (
  employee_id,
  type,
  mime_type,
  photo_id,
  url,
  alt,
  height,
  width
)
values (
  '1yAXw5gi8EusawQQw6A24M',
  'image',
  'image/jpeg',
  '6TEToOauEEee4eamG4IQ2q',
  '//images.ctfassets.net/3cttzl4i3k1h/6TEToOauEEee4eamG4IQ2q/e4c82f13c054107c30365d8c2475ccac/headshot_robert_thompson.jpg',
  'headshot robert thompson',
  340,
  340
);
insert into public.headshot (
  employee_id,
  type,
  mime_type,
  photo_id,
  url,
  alt,
  height,
  width
)
values (
  '4gMPr6QczCugU8uis0wq4E',
  'image',
  'image/jpeg',
  '4GYNOsaS4Em002QmiQu4o6',
  '//images.ctfassets.net/3cttzl4i3k1h/4GYNOsaS4Em002QmiQu4o6/c6479f8d19e917e5eeb1f7f5dcf92ba1/headshot_walker_hannan.jpg',
  'Walker Hannan',
  340,
  340
);
insert into public.headshot (
  employee_id,
  type,
  mime_type,
  photo_id,
  url,
  alt,
  height,
  width
)
values (
  '6xacTlJA2WwIWEKW8kWue4',
  'image',
  'None',
  'no id configured',
  'None',
  'no title configured',
  0,
  0
);
insert into public.headshot (
  employee_id,
  type,
  mime_type,
  photo_id,
  url,
  alt,
  height,
  width
)
values (
  '4vnxwjdqTKCqMGYM2aOUak',
  'image',
  'image/jpeg',
  '2bBRS9nybeM2usuUYE4286',
  '//images.ctfassets.net/3cttzl4i3k1h/2bBRS9nybeM2usuUYE4286/ecc7d2163e7bc809324ba55056e3e0fa/Hompe.jpg',
  'Hompe',
  170,
  170
);
insert into public.headshot (
  employee_id,
  type,
  mime_type,
  photo_id,
  url,
  alt,
  height,
  width
)
values (
  '31U2yMvqfe60UwS0EIQsYY',
  'image',
  'image/jpeg',
  '7Bz5geToPuWagyUaGwqa4U',
  '//images.ctfassets.net/3cttzl4i3k1h/7Bz5geToPuWagyUaGwqa4U/0c129dca8f610e791aaaacb966c303de/headshot_michael_lake.jpg',
  'headshot michael lake',
  340,
  340
);
insert into public.headshot (
  employee_id,
  type,
  mime_type,
  photo_id,
  url,
  alt,
  height,
  width
)
values (
  '2mwvZXpPAk2Mu84gY6e0Gy',
  'image',
  'image/jpeg',
  '3DAYtEkTtCkcywsE0KwGA0',
  '//images.ctfassets.net/3cttzl4i3k1h/3DAYtEkTtCkcywsE0KwGA0/d049c4039ae83f84b3d1b0ddcb0ccf61/headshot_chloe_norris.jpg',
  'headshot chloe norris',
  340,
  340
);
insert into public.headshot (
  employee_id,
  type,
  mime_type,
  photo_id,
  url,
  alt,
  height,
  width
)
values (
  '5Nr4SiYjM4umkQe2uC88am',
  'image',
  'image/jpeg',
  '3nX4Qqo4C4iowKI0Y4okEA',
  '//images.ctfassets.net/3cttzl4i3k1h/3nX4Qqo4C4iowKI0Y4okEA/173d9d8b40c8897889c0a95528fcbaaf/headshot_erika_cober.jpg',
  'headshot erika cober',
  340,
  340
);
insert into public.headshot (
  employee_id,
  type,
  mime_type,
  photo_id,
  url,
  alt,
  height,
  width
)
values (
  'vpghTOlaXQAE4OMqY6sys',
  'image',
  'image/jpeg',
  '5VWtsjAQfu6M4q0OOSKWsA',
  '//images.ctfassets.net/3cttzl4i3k1h/5VWtsjAQfu6M4q0OOSKWsA/d82f5809e64350e7e3be0b5b7c3647b7/headshot_meghan_macera.jpg',
  'headshot meghan macera',
  340,
  340
);
insert into public.headshot (
  employee_id,
  type,
  mime_type,
  photo_id,
  url,
  alt,
  height,
  width
)
values (
  '3doekO3OPm4Ac2YqQY2mWC',
  'image',
  'image/jpeg',
  'TDQoqM3rMaGoqA8ck2QSO',
  '//images.ctfassets.net/3cttzl4i3k1h/TDQoqM3rMaGoqA8ck2QSO/ce8f335206c2d6dbaa55c9b519ae6bf0/headshot_nish_tahir.jpg',
  'Nish Tahir',
  340,
  340
);
insert into public.headshot (
  employee_id,
  type,
  mime_type,
  photo_id,
  url,
  alt,
  height,
  width
)
values (
  'gKT4TuBCDY6w0YwoAS2eM',
  'image',
  'image/jpeg',
  '7I68d0acUCyvUoEcaZZB2i',
  '//images.ctfassets.net/3cttzl4i3k1h/7I68d0acUCyvUoEcaZZB2i/7641f267622307190f2894e798d24ff5/Melanie_Headshot_2018.jpg',
  'Melanie Headshot 2018',
  2396,
  3600
);
insert into public.headshot (
  employee_id,
  type,
  mime_type,
  photo_id,
  url,
  alt,
  height,
  width
)
values (
  '2eKUsaLa0UgwaCGU0uAS6W',
  'image',
  'image/jpeg',
  '4cjP5JnhFYeaYkSOoos0IW',
  '//images.ctfassets.net/3cttzl4i3k1h/4cjP5JnhFYeaYkSOoos0IW/bb01455052801638881024ec31168d3f/headshot_david_brear.jpg',
  'headshot david brear',
  340,
  340
);
insert into public.headshot (
  employee_id,
  type,
  mime_type,
  photo_id,
  url,
  alt,
  height,
  width
)
values (
  '1eUENnvwnkW48K0Og4uiCY',
  'image',
  'image/jpeg',
  '44SN4MfwM8C6mQ2owciwgC',
  '//images.ctfassets.net/3cttzl4i3k1h/44SN4MfwM8C6mQ2owciwgC/bb396e1855b907953ee8a6c55b179f83/headshot_kendra_schmid.jpg',
  'headshot kendra schmid',
  340,
  340
);
insert into public.headshot (
  employee_id,
  type,
  mime_type,
  photo_id,
  url,
  alt,
  height,
  width
)
values (
  '4WJSbbtNn2W02ygcQQ2o8O',
  'image',
  'image/jpeg',
  '3NwKAPP6MwCO0Wyg4qsmuc',
  '//images.ctfassets.net/3cttzl4i3k1h/3NwKAPP6MwCO0Wyg4qsmuc/674013ab1db26d941b332e89884a7faa/headshot_steve_gordon.jpg',
  'headshot steve gordon',
  512,
  512
);
insert into public.headshot (
  employee_id,
  type,
  mime_type,
  photo_id,
  url,
  alt,
  height,
  width
)
values (
  '6JmEiXMWGcggGAo4W0UKeG',
  'image',
  'image/jpeg',
  'A1MHPEnSoKcKgIwiSygms',
  '//images.ctfassets.net/3cttzl4i3k1h/A1MHPEnSoKcKgIwiSygms/4f1b33ae54f4c14ea0f984c098002a62/headshot_todd_glidewell.jpg',
  'headshot todd glidewell',
  340,
  340
);
insert into public.headshot (
  employee_id,
  type,
  mime_type,
  photo_id,
  url,
  alt,
  height,
  width
)
values (
  '35M55sRl9ekgyK6qaMOcK0',
  'image',
  'image/jpeg',
  '5nV5zbgKkFwqipCMKIh7wk',
  '//images.ctfassets.net/3cttzl4i3k1h/5nV5zbgKkFwqipCMKIh7wk/614da09cd6cd140c7ed9117f24c6b5d5/picture.jpg',
  'morgan duverney',
  2446,
  2448
);
insert into public.headshot (
  employee_id,
  type,
  mime_type,
  photo_id,
  url,
  alt,
  height,
  width
)
values (
  '5FHScUTZnyuC0AiCa6Aggc',
  'image',
  'image/jpeg',
  '3DtLmoQXuwqEukM0okM80M',
  '//images.ctfassets.net/3cttzl4i3k1h/3DtLmoQXuwqEukM0okM80M/34777466d3d140f8561a8553a483ac71/headshot_tucker_legard.jpg',
  'headshot tucker legard',
  340,
  340
);
insert into public.headshot (
  employee_id,
  type,
  mime_type,
  photo_id,
  url,
  alt,
  height,
  width
)
values (
  '5IBGxCGOw8SKIega6Oeiwa',
  'image',
  'image/jpeg',
  '19RQ4I22agC44qakCeWc6w',
  '//images.ctfassets.net/3cttzl4i3k1h/19RQ4I22agC44qakCeWc6w/dcc34b945a36d21d877b299159826987/20160331-dsc_5592.jpg',
  'Jason Ye',
  1202,
  1800
);
insert into public.headshot (
  employee_id,
  type,
  mime_type,
  photo_id,
  url,
  alt,
  height,
  width
)
values (
  '6qi0txvBkWYK8AimoASS2w',
  'image',
  'image/jpeg',
  '4bSE4jlUXCQGQowcWauW6S',
  '//images.ctfassets.net/3cttzl4i3k1h/4bSE4jlUXCQGQowcWauW6S/2b89c3e592265cca936d8ee4df0940ff/headshot_christine_braynt_ryback.jpg',
  'headshot christine braynt ryback',
  340,
  340
);
insert into public.headshot (
  employee_id,
  type,
  mime_type,
  photo_id,
  url,
  alt,
  height,
  width
)
values (
  '5xFKEwguVGKyGUOuqUMaS4',
  'image',
  'image/jpeg',
  '2YdA6oWRvOKca6I0SIGWo6',
  '//images.ctfassets.net/3cttzl4i3k1h/2YdA6oWRvOKca6I0SIGWo6/9833acde0e584de69cc654e775dacfad/headshot_hillary_pitts.jpg',
  'headshot hillary pitts',
  200,
  200
);
insert into public.headshot (
  employee_id,
  type,
  mime_type,
  photo_id,
  url,
  alt,
  height,
  width
)
values (
  '6xn7sUFT0WIccUUs6Wsu4m',
  'image',
  'image/jpeg',
  '3Gh2foiEzukqGOwa4kqG8C',
  '//images.ctfassets.net/3cttzl4i3k1h/3Gh2foiEzukqGOwa4kqG8C/bf3afb42728fd5c7ea0369c3c05a0211/headshot_mike_evans.jpg',
  'headshot mike evans',
  340,
  340
);
insert into public.headshot (
  employee_id,
  type,
  mime_type,
  photo_id,
  url,
  alt,
  height,
  width
)
values (
  'qVFUKKiqqWqsYMgOoamko',
  'image',
  'image/jpeg',
  '5J4GjKsDUk6amwQASC6eSg',
  '//images.ctfassets.net/3cttzl4i3k1h/5J4GjKsDUk6amwQASC6eSg/5c042758ba2876cbbabdda1cacedf93e/headshot_mahreen_azam.jpg',
  'headshot mahreen azam',
  220,
  220
);
insert into public.headshot (
  employee_id,
  type,
  mime_type,
  photo_id,
  url,
  alt,
  height,
  width
)
values (
  '2aSGxjVOhqcYAaYOM2sMk4',
  'image',
  'image/jpeg',
  '45feChhUQ8kceiM0A8aq2U',
  '//images.ctfassets.net/3cttzl4i3k1h/45feChhUQ8kceiM0A8aq2U/ea09d76979c638091b1f26bb0f0e74dd/headshot_sean_kenkeremath.jpeg',
  'headshot sean kenkeremath',
  460,
  460
);
insert into public.headshot (
  employee_id,
  type,
  mime_type,
  photo_id,
  url,
  alt,
  height,
  width
)
values (
  '4aSoSNPp5e6yAmgIqAGoIy',
  'image',
  'image/jpeg',
  '1AF68BASOkOsEk60O4iaq0',
  '//images.ctfassets.net/3cttzl4i3k1h/1AF68BASOkOsEk60O4iaq0/20f68d7bf7941a924840611221ea4a15/headshot_margo_bulka.jpg',
  'margo bulka headshot',
  215,
  215
);
insert into public.headshot (
  employee_id,
  type,
  mime_type,
  photo_id,
  url,
  alt,
  height,
  width
)
values (
  '6WSdNSEh7Ui6i0KWqwmcW0',
  'image',
  'image/jpeg',
  '6kNp8evb8WcgGeoAm2miO6',
  '//images.ctfassets.net/3cttzl4i3k1h/6kNp8evb8WcgGeoAm2miO6/f0313a91c107bb621e54e2b1fe319e9d/headshot_ayesha_zafar.jpg',
  'ayesha zafar headshot',
  340,
  340
);
insert into public.headshot (
  employee_id,
  type,
  mime_type,
  photo_id,
  url,
  alt,
  height,
  width
)
values (
  '5WVQlJ4ebeS2OuMMw0Qu0O',
  'image',
  'image/jpeg',
  '6DqXJSDpYI6O6Aicy2quoU',
  '//images.ctfassets.net/3cttzl4i3k1h/6DqXJSDpYI6O6Aicy2quoU/6a8eea58968b7defacfb223299fe544e/headshot_james_sun.jpg',
  'james sun',
  340,
  340
);
insert into public.headshot (
  employee_id,
  type,
  mime_type,
  photo_id,
  url,
  alt,
  height,
  width
)
values (
  '5cl7San9EsQq8yGO4m8UiY',
  'image',
  'image/jpeg',
  '10C9Nze0AG4g6ecAqMku6G',
  '//images.ctfassets.net/3cttzl4i3k1h/10C9Nze0AG4g6ecAqMku6G/72dd68fddb1a6b6ec65ccea69b68491b/headshot_karen_wei.jpg',
  'Karen Wei, Director of Business Development at WillowTree',
  340,
  340
);
insert into public.headshot (
  employee_id,
  type,
  mime_type,
  photo_id,
  url,
  alt,
  height,
  width
)
values (
  '29Sn6GoIcE2G2uKgkqmcgg',
  'image',
  'image/jpeg',
  '2fYSUbmwlii2Yqi4i2QewI',
  '//images.ctfassets.net/3cttzl4i3k1h/2fYSUbmwlii2Yqi4i2QewI/82e376360f1a22310e8a01a124e281a2/headshot_evan_compton.jpg',
  'Evan Compton, Software Engineer at WillowTree',
  243,
  212
);
insert into public.headshot (
  employee_id,
  type,
  mime_type,
  photo_id,
  url,
  alt,
  height,
  width
)
values (
  '6IHtsXaquAmSKekUAUsCma',
  'image',
  'image/png',
  '79sw1aC77yOig6QGsoeAi',
  '//images.ctfassets.net/3cttzl4i3k1h/79sw1aC77yOig6QGsoeAi/e2def2c604f67045f18a7794981a2549/headshot_alicia_midland.png',
  'Alicia Midland, Analytics Architect at WillowTree, Inc.',
  200,
  200
);
insert into public.headshot (
  employee_id,
  type,
  mime_type,
  photo_id,
  url,
  alt,
  height,
  width
)
values (
  '4yRaVo6ZvOII6Icqgiu6eu',
  'image',
  'image/jpeg',
  '6u8SPsb7VKaaocyoMYyCy4',
  '//images.ctfassets.net/3cttzl4i3k1h/6u8SPsb7VKaaocyoMYyCy4/cf2eef34771aa33369030a3672153651/headshot_sho_modica.jpg',
  'Sho Modica, Senior Project Manager at WillowTree, Inc.',
  340,
  340
);
insert into public.headshot (
  employee_id,
  type,
  mime_type,
  photo_id,
  url,
  alt,
  height,
  width
)
values (
  '3zGu1K4YfKYg0Us2qQgaQI',
  'image',
  'image/png',
  '3IBVVMHHAB4id9FsLhJXe4',
  '//images.ctfassets.net/3cttzl4i3k1h/3IBVVMHHAB4id9FsLhJXe4/fbd3451a9b5993405d3fa777e75430dd/T0287KQCQ-U04Q909EL-9fd3eb816b62-512.png',
  'Luke Tomlinson 2020',
  512,
  512
);
insert into public.headshot (
  employee_id,
  type,
  mime_type,
  photo_id,
  url,
  alt,
  height,
  width
)
values (
  '7nO7hvVsfSgimmUmeaIoyQ',
  'image',
  'image/jpeg',
  'EDy0YUkOYgIgmqsScAy0e',
  '//images.ctfassets.net/3cttzl4i3k1h/EDy0YUkOYgIgmqsScAy0e/63a8741f72c3e473750a2534003c89fc/Fishwick.jpg',
  'Senior Software Engineer at WillowTree, Inc. in Charlottesville, VA',
  170,
  170
);
insert into public.headshot (
  employee_id,
  type,
  mime_type,
  photo_id,
  url,
  alt,
  height,
  width
)
values (
  'Qxo6nb6ReEoUWGMy2uMwg',
  'image',
  'image/png',
  '1ySnDVE7CEieO8A8giCCa8',
  '//images.ctfassets.net/3cttzl4i3k1h/1ySnDVE7CEieO8A8giCCa8/a64437f04ae15f186c2868f2b30e4759/mike.png',
  'Michael Signer, General Counsel at WillowTree, Inc.',
  664,
  664
);
insert into public.headshot (
  employee_id,
  type,
  mime_type,
  photo_id,
  url,
  alt,
  height,
  width
)
values (
  '4e4nKTkqc028UE20gwUGK6',
  'image',
  'image/jpeg',
  '4xObs4rq6AaskQ6AcCcAKI',
  '//images.ctfassets.net/3cttzl4i3k1h/4xObs4rq6AaskQ6AcCcAKI/6b3cae5266c17dd96af018aa8870de52/3170c3b.jpg',
  'headshot of Daniel Atwood pulled from LinkedIn for blog headshot',
  319,
  319
);
insert into public.headshot (
  employee_id,
  type,
  mime_type,
  photo_id,
  url,
  alt,
  height,
  width
)
values (
  'ZkH72Rj3aegcA6QEeiIQY',
  'image',
  'image/jpeg',
  '6IRgN8vjtC6ySQ04eo8M2u',
  '//images.ctfassets.net/3cttzl4i3k1h/6IRgN8vjtC6ySQ04eo8M2u/5f86a698b258d767c62e38f0478abbd5/20170113-DSC_1388.jpg',
  'Headshot of Edward Greve for future blog posts',
  3625,
  5431
);
insert into public.headshot (
  employee_id,
  type,
  mime_type,
  photo_id,
  url,
  alt,
  height,
  width
)
values (
  '6uLkL9vd60eImOoEGs44IS',
  'image',
  'image/jpeg',
  '5O6L3459egwGa0miey2CK4',
  '//images.ctfassets.net/3cttzl4i3k1h/5O6L3459egwGa0miey2CK4/93febc56ba2e1c636b35e020df994207/Image_uploaded_from_iOS__1_.jpg',
  'headshot for contentful blogs',
  559,
  476
);
insert into public.headshot (
  employee_id,
  type,
  mime_type,
  photo_id,
  url,
  alt,
  height,
  width
)
values (
  '4Dm4Je4S0gg6iyUkKK0Oe2',
  'image',
  'image/png',
  '1rBIGKBikUsMYGw0QiyUyk',
  '//images.ctfassets.net/3cttzl4i3k1h/1rBIGKBikUsMYGw0QiyUyk/936555b504d1ae795188282a3996dc5c/patrick_360.png',
  'Patrick Gatewood Headshot',
  170,
  170
);
insert into public.headshot (
  employee_id,
  type,
  mime_type,
  photo_id,
  url,
  alt,
  height,
  width
)
values (
  'yd3muzHpzaMaYUkgggUqi',
  'image',
  'image/png',
  'tdWmp6vKSgHxdsMencj8G',
  '//images.ctfassets.net/3cttzl4i3k1h/tdWmp6vKSgHxdsMencj8G/bb01951a37d1efe12c1e8aed5f182fcc/soo_park.png',
  'Soo Rin Park',
  200,
  200
);
insert into public.headshot (
  employee_id,
  type,
  mime_type,
  photo_id,
  url,
  alt,
  height,
  width
)
values (
  '3tZEMuy332MMEi8eK0EeQ8',
  'image',
  'image/jpeg',
  '1YR51tRjCweayc6csWAkm8',
  '//images.ctfassets.net/3cttzl4i3k1h/1YR51tRjCweayc6csWAkm8/20ee86fe884462caad662ce2ce5aa789/sam_heavner.jpg',
  'sam heavner',
  170,
  170
);
insert into public.headshot (
  employee_id,
  type,
  mime_type,
  photo_id,
  url,
  alt,
  height,
  width
)
values (
  '69HdQ20k6IAoIgcYiSGawe',
  'image',
  'image/jpeg',
  '5UQqwG6gvKeEgAywG8ugio',
  '//images.ctfassets.net/3cttzl4i3k1h/5UQqwG6gvKeEgAywG8ugio/86f30f6401579002b12c8c06550efab9/headshot_hunter_mcmillen.jpg',
  'headshot hunter mcmillen',
  340,
  340
);
insert into public.headshot (
  employee_id,
  type,
  mime_type,
  photo_id,
  url,
  alt,
  height,
  width
)
values (
  '4pUINmKK6cgACEsQYu00W0',
  'image',
  'image/png',
  'CcoV6C5zdmUmyou8MQmsw',
  '//images.ctfassets.net/3cttzl4i3k1h/CcoV6C5zdmUmyou8MQmsw/411e8e56d8053e2b21c6822fab8a4761/Screen_Shot_2017-09-29_at_12.00.50_PM.png',
  'Author headshot',
  259,
  219
);
insert into public.headshot (
  employee_id,
  type,
  mime_type,
  photo_id,
  url,
  alt,
  height,
  width
)
values (
  '3SuVKWUfja4mAQkAUYYsao',
  'image',
  'image/jpeg',
  '2shxueGVdiqwQwsU0uc0qm',
  '//images.ctfassets.net/3cttzl4i3k1h/2shxueGVdiqwQwsU0uc0qm/1aeed7eaf9cc0fa65f3637cd6f5d4cb7/AlexandraPizzimenti.jpg',
  'Alexandra Pizzimenti WillowTree headshot',
  1876,
  1920
);
insert into public.headshot (
  employee_id,
  type,
  mime_type,
  photo_id,
  url,
  alt,
  height,
  width
)
values (
  '1uOI2ibhhWaEkOwwMom6oK',
  'image',
  'image/jpeg',
  '1uZ46BPDOk4q8wkS2msoOy',
  '//images.ctfassets.net/3cttzl4i3k1h/1uZ46BPDOk4q8wkS2msoOy/088f532f5191d14d875d6c2033f4cee4/jwitt.jpg',
  'Photo of Jonathan Witten, App Software Engineer at WillowTree, Inc.',
  170,
  170
);
insert into public.headshot (
  employee_id,
  type,
  mime_type,
  photo_id,
  url,
  alt,
  height,
  width
)
values (
  '1IKDyd5pgcKGEa8qSuiMmA',
  'image',
  'image/jpeg',
  '6lAX02vqZGOKCwA0sosk8g',
  '//images.ctfassets.net/3cttzl4i3k1h/6lAX02vqZGOKCwA0sosk8g/010355d84f9c21c1bb1c4743bc8ed4e0/WTNewPortraits20190064.jpg',
  'Samuel Shiffman, Software Engineer at WillowTree Inc.',
  2396,
  3600
);
insert into public.headshot (
  employee_id,
  type,
  mime_type,
  photo_id,
  url,
  alt,
  height,
  width
)
values (
  '19LrPt51IYuKq6qec8go68',
  'image',
  'image/jpeg',
  'Edx7eNECFEIY2OGg8WoAE',
  '//images.ctfassets.net/3cttzl4i3k1h/Edx7eNECFEIY2OGg8WoAE/2805a3837ce2f7a28a8829e605c0d0bc/Connor_Photo.jpeg',
  'Connor Photo',
  170,
  170
);
insert into public.headshot (
  employee_id,
  type,
  mime_type,
  photo_id,
  url,
  alt,
  height,
  width
)
values (
  '6wFgHqSdkA4ywiuqwQogKq',
  'image',
  'image/png',
  'UpvYJ4aJYOO4WGgOI4IEm',
  '//images.ctfassets.net/3cttzl4i3k1h/UpvYJ4aJYOO4WGgOI4IEm/2f78bb1ec80ec4068d65c5714a4bf1d8/Screen_Shot_2019-07-08_at_2.13.23_PM.png',
  'Senior Software Test Engineer',
  1490,
  1628
);
insert into public.headshot (
  employee_id,
  type,
  mime_type,
  photo_id,
  url,
  alt,
  height,
  width
)
values (
  '4I7OiJ42XYW2aauwUMikqY',
  'image',
  'image/jpeg',
  '5uzfAIYU12W8cWe4YYIQIa',
  '//images.ctfassets.net/3cttzl4i3k1h/5uzfAIYU12W8cWe4YYIQIa/d8c61b636c8b82cbcbe363054535d710/Chris_Mays.jpg',
  'Software Engineer at WillowTree, Inc.',
  170,
  170
);
insert into public.headshot (
  employee_id,
  type,
  mime_type,
  photo_id,
  url,
  alt,
  height,
  width
)
values (
  '1QJiy9TGBWueKEi6yqMUku',
  'image',
  'image/jpeg',
  '3Viqobgn0AyCoGm444O8Wo',
  '//images.ctfassets.net/3cttzl4i3k1h/3Viqobgn0AyCoGm444O8Wo/216db30b4378e7d7b286fdbee986983d/Paul.jpg',
  'Product Designer at WillowTree, Inc.',
  170,
  170
);
insert into public.headshot (
  employee_id,
  type,
  mime_type,
  photo_id,
  url,
  alt,
  height,
  width
)
values (
  '74Rx10c7Fm6YGcMwaaI2yU',
  'image',
  'image/jpeg',
  '5vbymFz8QHYxbma3pkSjnL',
  '//images.ctfassets.net/3cttzl4i3k1h/5vbymFz8QHYxbma3pkSjnL/15c4c236ca65d9fbdc88cfd7b5ebb1e5/806625170_182025.jpg',
  '806625170 182025',
  1280,
  1149
);
insert into public.headshot (
  employee_id,
  type,
  mime_type,
  photo_id,
  url,
  alt,
  height,
  width
)
values (
  '4HVV1s9W76GEiSUU2Aaocg',
  'image',
  'image/png',
  '60WptXxtCwwagomIIOeois',
  '//images.ctfassets.net/3cttzl4i3k1h/60WptXxtCwwagomIIOeois/bc49963f71f380eb3b039edc82b4aa9f/woody.png',
  'Woody Zantzinger, VP Business Development at WillowTree, Inc.',
  664,
  664
);
insert into public.headshot (
  employee_id,
  type,
  mime_type,
  photo_id,
  url,
  alt,
  height,
  width
)
values (
  '77fk4hAiJyOkMIkUOyGGya',
  'image',
  'image/png',
  '1O9ktHfwFYtenDqOA0BucR',
  '//images.ctfassets.net/3cttzl4i3k1h/1O9ktHfwFYtenDqOA0BucR/39ef4ab0b40a87d84f1e4f7dad6dd3ba/matt_van_nuys.png',
  'Matt VN',
  200,
  200
);
insert into public.headshot (
  employee_id,
  type,
  mime_type,
  photo_id,
  url,
  alt,
  height,
  width
)
values (
  'dnvFOoY8FMMOqyG06AsI6',
  'image',
  'image/jpeg',
  '1uwJTyR33KkKWw2E0ww4ck',
  '//images.ctfassets.net/3cttzl4i3k1h/1uwJTyR33KkKWw2E0ww4ck/c091520e2b70001cca10e12218d3b74b/Michael_Pollock.jpg',
  'Software Engineer at WillowTree, Inc. in Durham, NC',
  170,
  170
);
insert into public.headshot (
  employee_id,
  type,
  mime_type,
  photo_id,
  url,
  alt,
  height,
  width
)
values (
  '3VoELOt5hY8wKwO2M68e4i',
  'image',
  'image/jpeg',
  '6SQIVteLCTRK04jtyOViKh',
  '//images.ctfassets.net/3cttzl4i3k1h/6SQIVteLCTRK04jtyOViKh/553ee08fc6b0ab41fe3310fb6ebbc6b5/larry_banner_image.jpg',
  'Banner new image',
  170,
  170
);
insert into public.headshot (
  employee_id,
  type,
  mime_type,
  photo_id,
  url,
  alt,
  height,
  width
)
values (
  '3ts8XCQvuUQ6gIEMUi4qoy',
  'image',
  'image/jpeg',
  '7wk1zCyLwAIa8kGs6k8KyS',
  '//images.ctfassets.net/3cttzl4i3k1h/7wk1zCyLwAIa8kGs6k8KyS/6650946e1dcbb807f145aaaaa5dae5f8/Allaire_headshot.jpg',
  'Allaire Welk, Senior Product Researcher in User Experience at WillowTree, Inc.',
  170,
  170
);
insert into public.headshot (
  employee_id,
  type,
  mime_type,
  photo_id,
  url,
  alt,
  height,
  width
)
values (
  '3xndgkifS0W2gque6awEEk',
  'image',
  'image/png',
  '4kbMXrGuKsOWc4WE426A2e',
  '//images.ctfassets.net/3cttzl4i3k1h/4kbMXrGuKsOWc4WE426A2e/7bd95e8208db80d9b35f67afeb32f093/headshot.png',
  'Creative Content Specialist at WillowTree, Inc.',
  1070,
  1070
);
insert into public.headshot (
  employee_id,
  type,
  mime_type,
  photo_id,
  url,
  alt,
  height,
  width
)
values (
  '69WVdp9xTOuGcoAcs0I4ye',
  'image',
  'image/jpeg',
  '2KW5hhhhEkqwqiMQWsAgWo',
  '//images.ctfassets.net/3cttzl4i3k1h/2KW5hhhhEkqwqiMQWsAgWo/03b7fa05b0ec66ee2c87b424a66dc5e5/Claire_Meyers.jpg',
  'Senior Product Researcher in User Experience',
  170,
  170
);
insert into public.headshot (
  employee_id,
  type,
  mime_type,
  photo_id,
  url,
  alt,
  height,
  width
)
values (
  '2cpk9aD81mWSkugEkAU8EE',
  'image',
  'image/png',
  'BLUmD7AMkSCimec0wWaO2',
  '//images.ctfassets.net/3cttzl4i3k1h/BLUmD7AMkSCimec0wWaO2/19514687af3135dfc68061f31fc9271f/Osama_Rao.jpg',
  'Software Engineer at WillowTree, Inc.',
  170,
  170
);
insert into public.headshot (
  employee_id,
  type,
  mime_type,
  photo_id,
  url,
  alt,
  height,
  width
)
values (
  '5BEVM7wUY82AGqUIuowmwc',
  'image',
  'image/png',
  '63MK8b4IVyGmma2asSKqeG',
  '//images.ctfassets.net/3cttzl4i3k1h/63MK8b4IVyGmma2asSKqeG/7fd1b44e861b6a3683191ed367a520da/jarrod.png',
  'Jarrod Cady Portrait',
  664,
  664
);
insert into public.headshot (
  employee_id,
  type,
  mime_type,
  photo_id,
  url,
  alt,
  height,
  width
)
values (
  '3fgaigpnJYGYGWGWA6IMAy',
  'image',
  'image/png',
  '1RF2rNFIPqo4Eu0aWsmmag',
  '//images.ctfassets.net/3cttzl4i3k1h/1RF2rNFIPqo4Eu0aWsmmag/3e95edc1fcf65e6d83a72c555f013a23/robert.png',
  'Robert Frysinger Portrait',
  664,
  664
);
insert into public.headshot (
  employee_id,
  type,
  mime_type,
  photo_id,
  url,
  alt,
  height,
  width
)
values (
  '6hKgliUEecIO2ccyykOguG',
  'image',
  'image/jpeg',
  '50WnQfUf7qSAMiUqUEOkYE',
  '//images.ctfassets.net/3cttzl4i3k1h/50WnQfUf7qSAMiUqUEOkYE/d608884f88d6e997615d599ae230e184/Matt_Gray.jpg',
  'Matt Gray',
  170,
  170
);
insert into public.headshot (
  employee_id,
  type,
  mime_type,
  photo_id,
  url,
  alt,
  height,
  width
)
values (
  '14tyvyMcHuKOOsIGEWyyAG',
  'image',
  'image/jpeg',
  '11cZoae2yaW24IqoWWSCue',
  '//images.ctfassets.net/3cttzl4i3k1h/11cZoae2yaW24IqoWWSCue/e02b96389aaaf3cf054b1ea18cb8017b/Jesse_Morgan.jpg',
  'Jesse Morgan',
  170,
  170
);
insert into public.headshot (
  employee_id,
  type,
  mime_type,
  photo_id,
  url,
  alt,
  height,
  width
)
values (
  '5oV9G8eKisW0M0GUCo4eke',
  'image',
  'image/jpeg',
  '1yUCBofluco4muYYsIOwms',
  '//images.ctfassets.net/3cttzl4i3k1h/1yUCBofluco4muYYsIOwms/e6896398aac4889e8247059cfb58db1f/Joseph_Cherry.jpg',
  'Joseph Cherry',
  170,
  170
);
insert into public.headshot (
  employee_id,
  type,
  mime_type,
  photo_id,
  url,
  alt,
  height,
  width
)
values (
  '5BHCvZ7OcEoCMcIYUk6Aoi',
  'image',
  'image/jpeg',
  '133GkVwpuWyAmU8022uaI',
  '//images.ctfassets.net/3cttzl4i3k1h/133GkVwpuWyAmU8022uaI/e55c3532cc14959de0d573a71d06229f/Greg_Niemann.jpg',
  'Platform Software Engineer at WillowTree, Inc.',
  170,
  170
);
insert into public.headshot (
  employee_id,
  type,
  mime_type,
  photo_id,
  url,
  alt,
  height,
  width
)
values (
  '5p16RUZqGkUIOCCYYiKUWe',
  'image',
  'image/jpeg',
  '39k4Tey4wEe4eGiIAmEiy0',
  '//images.ctfassets.net/3cttzl4i3k1h/39k4Tey4wEe4eGiIAmEiy0/96105e8c12a30fc4f0260f2e703fbb3e/Dinon.jpg',
  'Chris Dinon, Platform Software Engineer at WillowTree, Inc.',
  170,
  170
);
insert into public.headshot (
  employee_id,
  type,
  mime_type,
  photo_id,
  url,
  alt,
  height,
  width
)
values (
  '3qp2d7e2hiE4QysSgeOY4G',
  'image',
  'image/jpeg',
  '5xTyw6gwmAF4qeH4barlba',
  '//images.ctfassets.net/3cttzl4i3k1h/5xTyw6gwmAF4qeH4barlba/1e29be45de6bb1d1fa163db542abd6c0/T0287KQCQ-U2TTNHYS1-e31bb530935b-512.jpeg',
  'matt hess 2020',
  512,
  512
);
insert into public.headshot (
  employee_id,
  type,
  mime_type,
  photo_id,
  url,
  alt,
  height,
  width
)
values (
  '6fTnNvI8aQCcQiAyWOgOGG',
  'image',
  'image/jpeg',
  '5wUEGfGbbG6oomgsCYmsaW',
  '//images.ctfassets.net/3cttzl4i3k1h/5wUEGfGbbG6oomgsCYmsaW/f517b896f0a80ce68fc4f081a0762d5b/Freenor.jpg',
  'Freenor',
  170,
  170
);
insert into public.headshot (
  employee_id,
  type,
  mime_type,
  photo_id,
  url,
  alt,
  height,
  width
)
values (
  'XXRvvkg6KA8C0YqWaowa2',
  'image',
  'image/jpeg',
  '1LfMjWhfQEGS8YCA24OUCa',
  '//images.ctfassets.net/3cttzl4i3k1h/1LfMjWhfQEGS8YCA24OUCa/6069799f091ea3c0fc8e9d98a9afc224/Amanda_DeGroof.jpg',
  'Amanda DeGroof',
  170,
  170
);
insert into public.headshot (
  employee_id,
  type,
  mime_type,
  photo_id,
  url,
  alt,
  height,
  width
)
values (
  '3YjEOfftnac2QMMIiws6aE',
  'image',
  'image/jpeg',
  '2XaO9jTTSoYmYUMW8Qcgii',
  '//images.ctfassets.net/3cttzl4i3k1h/2XaO9jTTSoYmYUMW8Qcgii/70edc79fc2f7abf289003a076a9c24d6/Paul_Klauser.jpg',
  'Paul Klauser',
  170,
  170
);
insert into public.headshot (
  employee_id,
  type,
  mime_type,
  photo_id,
  url,
  alt,
  height,
  width
)
values (
  '1syHN53aOYIQYWgyQw0cos',
  'image',
  'image/jpeg',
  'N8Qwm1FGmWOcwII068gC8',
  '//images.ctfassets.net/3cttzl4i3k1h/N8Qwm1FGmWOcwII068gC8/e2e8a7c72479867bdbec38931595cb27/Taylor_Erwin.jpg',
  'Taylor Erwin, Analytics Architect at WillowTree, Inc.',
  170,
  170
);
insert into public.headshot (
  employee_id,
  type,
  mime_type,
  photo_id,
  url,
  alt,
  height,
  width
)
values (
  '354dXna14sMCkwukaesC0e',
  'image',
  'image/jpeg',
  '3INVKZOj4kEQYogMY8gSmQ',
  '//images.ctfassets.net/3cttzl4i3k1h/3INVKZOj4kEQYogMY8gSmQ/1b97714764ccedac0b06f5e93549eb53/Image_from_iOS__17_.jpg',
  'Lee Headshot',
  1469,
  1717
);
insert into public.headshot (
  employee_id,
  type,
  mime_type,
  photo_id,
  url,
  alt,
  height,
  width
)
values (
  '6KeyfX12Q8Ko2GMAcAswUu',
  'image',
  'image/jpeg',
  '11fifgRSJ8WICaSuQUkAyg',
  '//images.ctfassets.net/3cttzl4i3k1h/11fifgRSJ8WICaSuQUkAyg/59f40789c215d2b4e074c01d53b2892f/Carly_Headshot.jpg',
  'Carly Headshot',
  170,
  170
);
insert into public.headshot (
  employee_id,
  type,
  mime_type,
  photo_id,
  url,
  alt,
  height,
  width
)
values (
  '32S4zeL22IG282ssyee2si',
  'image',
  'image/jpeg',
  'b9ka1VkWIw0Smykw8GWaw',
  '//images.ctfassets.net/3cttzl4i3k1h/b9ka1VkWIw0Smykw8GWaw/a7d8cdff00560fd46be30c64f301c549/RyanRitter_websiteHeadshot.jpg',
  'Picture of Ryan Ritter, VP Strategic Alliances at WillowTree',
  248,
  248
);
insert into public.headshot (
  employee_id,
  type,
  mime_type,
  photo_id,
  url,
  alt,
  height,
  width
)
values (
  '4qFhHJBYHY6WcgicAOK86m',
  'image',
  'image/jpeg',
  '4G8r6GkJoQGi0ckgu8OaUG',
  '//images.ctfassets.net/3cttzl4i3k1h/4G8r6GkJoQGi0ckgu8OaUG/b3ba537338717e0ce309679ee1ece4ba/Brittany_Headshot.jpg',
  'Brittany Headshot',
  170,
  170
);
insert into public.headshot (
  employee_id,
  type,
  mime_type,
  photo_id,
  url,
  alt,
  height,
  width
)
values (
  '5WI3yHPTTqYyKoAc8282sa',
  'image',
  'image/png',
  '9ZGokj4jxC0som6umC0su',
  '//images.ctfassets.net/3cttzl4i3k1h/9ZGokj4jxC0som6umC0su/9980770140ed71176d6babe04072fa71/Stroud_Headshot.jpg',
  'Stroud Headshot',
  170,
  170
);
insert into public.headshot (
  employee_id,
  type,
  mime_type,
  photo_id,
  url,
  alt,
  height,
  width
)
values (
  '1RcXIywcByigaCeWK6UKqO',
  'image',
  'image/png',
  '1PoufpRNis4mmAmiqkA0ge',
  '//images.ctfassets.net/3cttzl4i3k1h/1PoufpRNis4mmAmiqkA0ge/ef1fc7606584d54b5892010a65a5a262/WT_Logo-Hye-tTeI0Z.png',
  'Logo',
  150,
  150
);
insert into public.headshot (
  employee_id,
  type,
  mime_type,
  photo_id,
  url,
  alt,
  height,
  width
)
values (
  '1iSYQEClqQ6UcWYacuI2y4',
  'image',
  'image/jpeg',
  '4PYCmn7xqwesWQmgiwaEMI',
  '//images.ctfassets.net/3cttzl4i3k1h/4PYCmn7xqwesWQmgiwaEMI/0915e5fc7c34c0e82e17f7a0a21c5752/Alexramey1.jpg',
  'Alex Ramey',
  170,
  170
);
insert into public.headshot (
  employee_id,
  type,
  mime_type,
  photo_id,
  url,
  alt,
  height,
  width
)
values (
  '3zYwz1CWOIqqIkwEsAmmMM',
  'image',
  'image/jpeg',
  '6y8GWc3p3GiAEmSUc2oUGi',
  '//images.ctfassets.net/3cttzl4i3k1h/6y8GWc3p3GiAEmSUc2oUGi/6c9623efb77338c137cd1350e52ffc6f/183-0-4.jpg',
  'JeremyS',
  170,
  170
);
insert into public.headshot (
  employee_id,
  type,
  mime_type,
  photo_id,
  url,
  alt,
  height,
  width
)
values (
  '1ZTt4K1YfKI64IoQaAEW2A',
  'image',
  'image/jpeg',
  '4O9hHFDf6gSYsagwYukS68',
  '//images.ctfassets.net/3cttzl4i3k1h/4O9hHFDf6gSYsagwYukS68/927f9b5220c342632639ec386a6b359b/Taylor_Erwin.jpeg',
  'Taylor Erwin',
  240,
  240
);
insert into public.headshot (
  employee_id,
  type,
  mime_type,
  photo_id,
  url,
  alt,
  height,
  width
)
values (
  '4JhehJJ2OQUCCWEaYCCu00',
  'image',
  'image/jpeg',
  '3AaxLKIpZYgekEIomSkUOy',
  '//images.ctfassets.net/3cttzl4i3k1h/3AaxLKIpZYgekEIomSkUOy/ef53d2254cc2c9e4b7d5f7bc523b24d1/mattm.jpg',
  'Matt M',
  170,
  170
);
insert into public.headshot (
  employee_id,
  type,
  mime_type,
  photo_id,
  url,
  alt,
  height,
  width
)
values (
  '2hf3dZwYT2GwSGUWUmkWUU',
  'image',
  'image/jpeg',
  '1oqRFmBxuA4s04qQMSUOAI',
  '//images.ctfassets.net/3cttzl4i3k1h/1oqRFmBxuA4s04qQMSUOAI/4fbcc8195e25395da5dbf1f2a3aa85af/jeremyloy.jpg',
  'J Loy',
  170,
  170
);
insert into public.headshot (
  employee_id,
  type,
  mime_type,
  photo_id,
  url,
  alt,
  height,
  width
)
values (
  '2hBrAyH1Q6KTtWulqVlC2O',
  'image',
  'image/jpeg',
  '7diXxZaQHSmAbIMffzLWCn',
  '//images.ctfassets.net/3cttzl4i3k1h/7diXxZaQHSmAbIMffzLWCn/b88c2c342a7ec0a6bd2b6d3d87c29fd8/Chloenorris.jpg',
  'Chloenorris',
  170,
  170
);
insert into public.headshot (
  employee_id,
  type,
  mime_type,
  photo_id,
  url,
  alt,
  height,
  width
)
values (
  '5cF0RNrHkrVAeqXW5bpR8T',
  'image',
  'image/jpeg',
  '4b3WRVRF7UZZE4mJnsDGb1',
  '//images.ctfassets.net/3cttzl4i3k1h/4b3WRVRF7UZZE4mJnsDGb1/701696fc786769804a2708f830508186/Daniel_Cook.jpg',
  'Daniel Cook',
  170,
  170
);
insert into public.headshot (
  employee_id,
  type,
  mime_type,
  photo_id,
  url,
  alt,
  height,
  width
)
values (
  '3Kq8vC8yNkViQllgIMfxms',
  'image',
  'image/jpeg',
  '4Y0etfpWfClWsuKl1Uehuf',
  '//images.ctfassets.net/3cttzl4i3k1h/4Y0etfpWfClWsuKl1Uehuf/386e314ab180c8d65548056b65db4541/353-2-4.jpg',
  'jacob alley',
  170,
  170
);
insert into public.headshot (
  employee_id,
  type,
  mime_type,
  photo_id,
  url,
  alt,
  height,
  width
)
values (
  '5ZVZd60WAEK7OGQQPPo6Df',
  'image',
  'image/jpeg',
  '2FB5jIVahlJOvx2x2IK7LF',
  '//images.ctfassets.net/3cttzl4i3k1h/2FB5jIVahlJOvx2x2IK7LF/470f4a4d8a84a93e0b760452559cc87c/IMG_2650.jpg',
  'Hannah Largen',
  976,
  976
);
insert into public.headshot (
  employee_id,
  type,
  mime_type,
  photo_id,
  url,
  alt,
  height,
  width
)
values (
  '7mN7T9X7RwbRgPJ68Qtayh',
  'image',
  'image/png',
  '4bvrsSqvsp44wjlSWzYhLg',
  '//images.ctfassets.net/3cttzl4i3k1h/4bvrsSqvsp44wjlSWzYhLg/02410607d445298e5f9b24f5a2cc63d1/402-3-4.png',
  'Christina Simmons',
  170,
  170
);
insert into public.headshot (
  employee_id,
  type,
  mime_type,
  photo_id,
  url,
  alt,
  height,
  width
)
values (
  '3it3H156fQDlAT4h7vX47I',
  'image',
  'image/jpeg',
  '4UupKiuE8QvedSFuTY68hl',
  '//images.ctfassets.net/3cttzl4i3k1h/4UupKiuE8QvedSFuTY68hl/f03512dc1a2bf53540cc5dbdce1fcc94/342-0-4.jpg',
  '342-0-4',
  170,
  170
);
insert into public.headshot (
  employee_id,
  type,
  mime_type,
  photo_id,
  url,
  alt,
  height,
  width
)
values (
  '5PWG9URFxUcKF66mMD00xj',
  'image',
  'image/jpeg',
  '51HysMdGRs8MLp8OZBhQmd',
  '//images.ctfassets.net/3cttzl4i3k1h/51HysMdGRs8MLp8OZBhQmd/05411bee88ddd846eb37901b34c9e140/553-2-4.jpg',
  'Caitlin Worrell Headshot',
  170,
  170
);
insert into public.headshot (
  employee_id,
  type,
  mime_type,
  photo_id,
  url,
  alt,
  height,
  width
)
values (
  '4RbpatzIIE8eA9kQ8XmPlc',
  'image',
  'image/jpeg',
  '1AQV3VwFl1jBsOY66fDtun',
  '//images.ctfassets.net/3cttzl4i3k1h/1AQV3VwFl1jBsOY66fDtun/b944f8be70078b793e31161e160a875e/517-0-4.jpg',
  '517-0-4',
  170,
  170
);
insert into public.headshot (
  employee_id,
  type,
  mime_type,
  photo_id,
  url,
  alt,
  height,
  width
)
values (
  '7q7OyQbSlf683JLGy96QDD',
  'image',
  'image/jpeg',
  '5DWHGndeZL1pTa6RRXDiYQ',
  '//images.ctfassets.net/3cttzl4i3k1h/5DWHGndeZL1pTa6RRXDiYQ/e9c8ac290846563fd87beca22e726090/garrisonlocke.jpg',
  'garrisonlocke',
  170,
  170
);
insert into public.headshot (
  employee_id,
  type,
  mime_type,
  photo_id,
  url,
  alt,
  height,
  width
)
values (
  '2F35rF1wOlXReBnJK4miuj',
  'image',
  'image/jpeg',
  '3LELHVCrvH6plaNJTOJHWK',
  '//images.ctfassets.net/3cttzl4i3k1h/3LELHVCrvH6plaNJTOJHWK/4fd5c764a158a1f565d147398f78ef83/WTSpringPortraits0464.jpg',
  'WTSpringPortraits0464',
  2396,
  3600
);
insert into public.headshot (
  employee_id,
  type,
  mime_type,
  photo_id,
  url,
  alt,
  height,
  width
)
values (
  '2n58ep57IREpbqXtFpX00n',
  'image',
  'image/jpeg',
  'sd9wDezN7NZpp7m4mFXCb',
  '//images.ctfassets.net/3cttzl4i3k1h/sd9wDezN7NZpp7m4mFXCb/9f6c2ed625b4a4f062356eb8949449a2/kyleohanian.jpg',
  'kyleohanian',
  170,
  170
);
insert into public.headshot (
  employee_id,
  type,
  mime_type,
  photo_id,
  url,
  alt,
  height,
  width
)
values (
  '1hSXl2C5j72Jd2VKlFiuPR',
  'image',
  'image/png',
  '4ybbXBUGRzHVcPKzmmHH9b',
  '//images.ctfassets.net/3cttzl4i3k1h/4ybbXBUGRzHVcPKzmmHH9b/0d9e989b2a93506cf50c31191d8ad8a6/Screen_Shot_2019-06-19_at_5.39.53_PM.png',
  'Julia Swenson',
  1272,
  1092
);
insert into public.headshot (
  employee_id,
  type,
  mime_type,
  photo_id,
  url,
  alt,
  height,
  width
)
values (
  '1FWCoFArKxzJ6qXvWYFGzO',
  'image',
  'image/png',
  '7auyxlsNDOf1u9d6EDXUA7',
  '//images.ctfassets.net/3cttzl4i3k1h/7auyxlsNDOf1u9d6EDXUA7/349eba2f73caf17357231dec316c7fcd/Screen_Shot_2019-07-25_at_2.44.33_PM.png',
  'Screen Shot 2019-07-25 at 2.44.33 PM',
  906,
  916
);
insert into public.headshot (
  employee_id,
  type,
  mime_type,
  photo_id,
  url,
  alt,
  height,
  width
)
values (
  'PFGdyuUw43neIzrGgDGWR',
  'image',
  'image/jpeg',
  '2VsOwC0tkwMEFw94J69dXG',
  '//images.ctfassets.net/3cttzl4i3k1h/2VsOwC0tkwMEFw94J69dXG/815e00148abd329195fa39adafe5f24e/gregweaver.jpg',
  'gregweaver',
  170,
  170
);
insert into public.headshot (
  employee_id,
  type,
  mime_type,
  photo_id,
  url,
  alt,
  height,
  width
)
values (
  '23p00G4INJTxIcm6EDxr1R',
  'image',
  'image/jpeg',
  'oOVzOVnjSW7M5XuwtZ73W',
  '//images.ctfassets.net/3cttzl4i3k1h/oOVzOVnjSW7M5XuwtZ73W/2afffc7cc409ae144456fd0a5125b0b1/gregos_steve.jpeg',
  'Gregos',
  512,
  512
);
insert into public.headshot (
  employee_id,
  type,
  mime_type,
  photo_id,
  url,
  alt,
  height,
  width
)
values (
  '4m2KM06fJf0fsyaiR2D6y6',
  'image',
  'image/jpeg',
  '7M73RgufpCWDvCXb22KKmu',
  '//images.ctfassets.net/3cttzl4i3k1h/7M73RgufpCWDvCXb22KKmu/3aeeaaf02797130d9dee52acd1b35465/amanketebo.jpg',
  'amanketebo',
  170,
  170
);
insert into public.headshot (
  employee_id,
  type,
  mime_type,
  photo_id,
  url,
  alt,
  height,
  width
)
values (
  '55iuXF2pi8vvXi6BqotYBm',
  'image',
  'image/jpeg',
  '3hKKC9eYUMLo2cvht94Klo',
  '//images.ctfassets.net/3cttzl4i3k1h/3hKKC9eYUMLo2cvht94Klo/8a416a7db1aec380d6c188f681567202/valhaste.jpg',
  'valhaste',
  170,
  170
);
insert into public.headshot (
  employee_id,
  type,
  mime_type,
  photo_id,
  url,
  alt,
  height,
  width
)
values (
  '2QVmuy21IYPkAEoQKMFSps',
  'image',
  'image/jpeg',
  '5Ss0YtryJAauLp1ow0EImy',
  '//images.ctfassets.net/3cttzl4i3k1h/5Ss0YtryJAauLp1ow0EImy/67066e6a5283ce9fda2d3692ff33f517/kurtpeterson.jpg',
  'kurtpeterson',
  170,
  170
);
insert into public.headshot (
  employee_id,
  type,
  mime_type,
  photo_id,
  url,
  alt,
  height,
  width
)
values (
  '6bMB1B3AYfckoXjJRwx4KO',
  'image',
  'image/png',
  '4ot1UCJG9fLCUdwtLKapri',
  '//images.ctfassets.net/3cttzl4i3k1h/4ot1UCJG9fLCUdwtLKapri/7426a5b826dde62ff1b8bdc61b5ee75a/ianbeard.jpg',
  'ianbeard',
  170,
  170
);
insert into public.headshot (
  employee_id,
  type,
  mime_type,
  photo_id,
  url,
  alt,
  height,
  width
)
values (
  '25AzvijyjpAeDk6Xzqv2su',
  'image',
  'image/jpeg',
  '17dmvNXz0V5f14tDkFnLig',
  '//images.ctfassets.net/3cttzl4i3k1h/17dmvNXz0V5f14tDkFnLig/7dd456de1e1009c14b6def0af37b134f/WTSummerPortraitsNew0256.jpg',
  'TomHavin',
  2428,
  2522
);
insert into public.headshot (
  employee_id,
  type,
  mime_type,
  photo_id,
  url,
  alt,
  height,
  width
)
values (
  '1IwG11PCda1aKFbddOJDXb',
  'image',
  'image/jpeg',
  '3qYxvPnJFkMIF19dhsXCO1',
  '//images.ctfassets.net/3cttzl4i3k1h/3qYxvPnJFkMIF19dhsXCO1/1d69a0681455145c52348f0d58a1dfc5/WTFallNewPortraits0191.jpg',
  'WTFallNewPortraits0191',
  2250,
  2250
);
insert into public.headshot (
  employee_id,
  type,
  mime_type,
  photo_id,
  url,
  alt,
  height,
  width
)
values (
  '5Kx6ZCRDESxWEYN5fJyPXx',
  'image',
  'image/jpeg',
  '6xcEcPT76j4tywpmDYRJ8k',
  '//images.ctfassets.net/3cttzl4i3k1h/6xcEcPT76j4tywpmDYRJ8k/6158de1d4514e98c9af0eb2f93a4143e/EllieGiles-Headshot__1_.jpg',
  'EllieGiles-Headshot (1)',
  375,
  375
);
insert into public.headshot (
  employee_id,
  type,
  mime_type,
  photo_id,
  url,
  alt,
  height,
  width
)
values (
  '4HjDd1XfLdwQZMbaC5B41N',
  'image',
  'image/jpeg',
  'jNeOEc4OU0YP5aXrwSqR1',
  '//images.ctfassets.net/3cttzl4i3k1h/jNeOEc4OU0YP5aXrwSqR1/c019fd25ca5ac31e910efdcbe533ed8f/WTNewPortraitsNovember0383.jpg',
  'WTNewPortraitsNovember0383',
  2095,
  2095
);
insert into public.headshot (
  employee_id,
  type,
  mime_type,
  photo_id,
  url,
  alt,
  height,
  width
)
values (
  '14iInASUmFC5tGaUL8xtAn',
  'image',
  'image/jpeg',
  '4W4mMjVReQp9eGuTfASwJ1',
  '//images.ctfassets.net/3cttzl4i3k1h/4W4mMjVReQp9eGuTfASwJ1/ae09ec40c0f80b7be3e2eab6ec4b1384/derek_brameyer__1_.jpg',
  'derek brameyer (1)',
  2400,
  2400
);
insert into public.headshot (
  employee_id,
  type,
  mime_type,
  photo_id,
  url,
  alt,
  height,
  width
)
values (
  '3gd6vLeTXHzVy1kn5Yhw9i',
  'image',
  'image/jpeg',
  '33dlvutn9MXMRpjgE5t8F6',
  '//images.ctfassets.net/3cttzl4i3k1h/33dlvutn9MXMRpjgE5t8F6/418a6b78f19c02ba43132588a77fca2c/WTNewFall0079__1_.jpg',
  'IMG 0577',
  531,
  531
);
insert into public.headshot (
  employee_id,
  type,
  mime_type,
  photo_id,
  url,
  alt,
  height,
  width
)
values (
  '2zxarpzEWX8NXiwyn8J6aT',
  'image',
  'image/jpeg',
  '4A1iwUTOchTgw00H6e3fjv',
  '//images.ctfassets.net/3cttzl4i3k1h/4A1iwUTOchTgw00H6e3fjv/0d38c61672b0c886d79cb1910c5ccd89/DonMullen-Headshot.jpg',
  'Don Mullen',
  1556,
  1556
);
insert into public.headshot (
  employee_id,
  type,
  mime_type,
  photo_id,
  url,
  alt,
  height,
  width
)
values (
  '2PLHyys2m89lUJEWoJ0SmO',
  'image',
  'image/jpeg',
  '7xWbzaPN2ELB1znnYekVBQ',
  '//images.ctfassets.net/3cttzl4i3k1h/7xWbzaPN2ELB1znnYekVBQ/4fbbc8ea584854bd4aa2d1657e3e36a0/WTDurhamDay20348.jpg',
  'Patrick Wright',
  1418,
  1418
);
insert into public.headshot (
  employee_id,
  type,
  mime_type,
  photo_id,
  url,
  alt,
  height,
  width
)
values (
  '3i9JnQ7B1aIrx7JkKohwAj',
  'image',
  'image/jpeg',
  '5XEaLUygxTc8DhQmMXqsnD',
  '//images.ctfassets.net/3cttzl4i3k1h/5XEaLUygxTc8DhQmMXqsnD/20d656f7ede45c05560f7a929be309a3/WTPortraits0010__1_.jpg',
  'WTPortraits0010 (1)',
  1974,
  1974
);
insert into public.headshot (
  employee_id,
  type,
  mime_type,
  photo_id,
  url,
  alt,
  height,
  width
)
values (
  '1bLms04DjfGHm2WBYqqCut',
  'image',
  'image/jpeg',
  '1dJJW4Vj33IH4dp1QWHNv9',
  '//images.ctfassets.net/3cttzl4i3k1h/1dJJW4Vj33IH4dp1QWHNv9/831e79d99b6cd8c69710133ec62276a9/emilysmith.jpg',
  'emilysmith',
  170,
  170
);
insert into public.headshot (
  employee_id,
  type,
  mime_type,
  photo_id,
  url,
  alt,
  height,
  width
)
values (
  '1wX5hLsPC6bdg4IXEfZpUE',
  'image',
  'image/jpeg',
  'y970skjLIyr9bASwL0F8D',
  '//images.ctfassets.net/3cttzl4i3k1h/y970skjLIyr9bASwL0F8D/215b91b7f84b80821e4f437ceb33c245/WTKatePortraits0026.jpg',
  'Kate Gallaher',
  2422,
  2422
);
insert into public.headshot (
  employee_id,
  type,
  mime_type,
  photo_id,
  url,
  alt,
  height,
  width
)
values (
  '6yIuH0d6F8ESgLV3e25fQi',
  'image',
  'image/png',
  '48ofuGGUbGCogdcjwLzNy5',
  '//images.ctfassets.net/3cttzl4i3k1h/48ofuGGUbGCogdcjwLzNy5/bfc30e001c29dd57bdde253cd4022fd0/dopkiss_matt.png',
  'Matt Dopkiss',
  1000,
  1000
);
insert into public.headshot (
  employee_id,
  type,
  mime_type,
  photo_id,
  url,
  alt,
  height,
  width
)
values (
  '1AA37oMaA0CVyGvSobGbOa',
  'image',
  'image/png',
  '3eOxaoUOe0MgqkgklVzWJj',
  '//images.ctfassets.net/3cttzl4i3k1h/3eOxaoUOe0MgqkgklVzWJj/ef5a18b6a5a029f05e43f02d621273ec/laplaca_ben.png',
  'Ben LaPlaca',
  1000,
  1000
);
insert into public.headshot (
  employee_id,
  type,
  mime_type,
  photo_id,
  url,
  alt,
  height,
  width
)
values (
  'kfwIIqdvo3uiMgwEgksa5',
  'image',
  'image/png',
  '6YbGCG3M1rpSoAFk0AJOLO',
  '//images.ctfassets.net/3cttzl4i3k1h/6YbGCG3M1rpSoAFk0AJOLO/60548e94e8a4f136d96bcb2f5133585e/long_chris.png',
  'Chris Long',
  1000,
  1000
);
insert into public.headshot (
  employee_id,
  type,
  mime_type,
  photo_id,
  url,
  alt,
  height,
  width
)
values (
  '4CJdtloG8jj4HyAhnF6y0p',
  'image',
  'image/png',
  '46FfmzREImgQJMPjZIC8jS',
  '//images.ctfassets.net/3cttzl4i3k1h/46FfmzREImgQJMPjZIC8jS/f9c14ffe7a27ebb05cd084117dd339ea/reif_dave.png',
  'Dave Reif',
  1000,
  1000
);
insert into public.headshot (
  employee_id,
  type,
  mime_type,
  photo_id,
  url,
  alt,
  height,
  width
)
values (
  '1Q47Drq9XNiWVFuWLyCAc5',
  'image',
  'image/png',
  'rCwKUpmwuakxWZ5aolDCX',
  '//images.ctfassets.net/3cttzl4i3k1h/rCwKUpmwuakxWZ5aolDCX/9b1cdc90520e5060f559ed32c4ad2509/timm_jamie.png',
  'Jamie Timm',
  1000,
  1000
);
insert into public.headshot (
  employee_id,
  type,
  mime_type,
  photo_id,
  url,
  alt,
  height,
  width
)
values (
  '2lCE1lvcy1z1DtQlwSQqqV',
  'image',
  'image/png',
  '6qALSgXoiWm00EJclDM2bG',
  '//images.ctfassets.net/3cttzl4i3k1h/6qALSgXoiWm00EJclDM2bG/ad5ad1a8d3faddc4e1c331976dcd7794/whitman_bobby.png',
  'Bobby Whitman',
  1000,
  1000
);
insert into public.headshot (
  employee_id,
  type,
  mime_type,
  photo_id,
  url,
  alt,
  height,
  width
)
values (
  '1z5iYFftB9I2zr89dKPZNX',
  'image',
  'image/png',
  '20rgWfy8dgWN7yiOlklWZ2',
  '//images.ctfassets.net/3cttzl4i3k1h/20rgWfy8dgWN7yiOlklWZ2/cf60db2efb6675d9e6b63f8f6da663e1/fischer_billy.png',
  'Billy Fischer',
  1000,
  1000
);
insert into public.headshot (
  employee_id,
  type,
  mime_type,
  photo_id,
  url,
  alt,
  height,
  width
)
values (
  'NBwvKTIgn9KjNchpZiZiq',
  'image',
  'image/jpeg',
  '78rgURd3mlegn4kY2hILMf',
  '//images.ctfassets.net/3cttzl4i3k1h/78rgURd3mlegn4kY2hILMf/fb7c81c9cee68dca241b1b38aaa5d165/490-0-4.jpg',
  'Najia Haider',
  170,
  170
);
insert into public.headshot (
  employee_id,
  type,
  mime_type,
  photo_id,
  url,
  alt,
  height,
  width
)
values (
  '24Zh52RYecnpd7PUNvZci9',
  'image',
  'image/png',
  '1jNf68n7bjslfxdIu35ly7',
  '//images.ctfassets.net/3cttzl4i3k1h/1jNf68n7bjslfxdIu35ly7/9fa835a22b865b8150f85f93c758d287/brown_joshua.png',
  'Joshua Brown',
  1000,
  1000
);
insert into public.headshot (
  employee_id,
  type,
  mime_type,
  photo_id,
  url,
  alt,
  height,
  width
)
values (
  '2lpeXRfM99ko3nmBRXyJb1',
  'image',
  'image/jpeg',
  '3HuorgVeZSu8b0BZ2ITb28',
  '//images.ctfassets.net/3cttzl4i3k1h/3HuorgVeZSu8b0BZ2ITb28/1e7bb2bf85d450cc2b67b9e0c73a1f41/aaron_goff.jpg',
  'Aaron Goff',
  170,
  170
);
insert into public.headshot (
  employee_id,
  type,
  mime_type,
  photo_id,
  url,
  alt,
  height,
  width
)
values (
  'fiuE738WSPmpVKAgIfiU7',
  'image',
  'image/jpeg',
  '6V9RHvAyDvYvbZBHTlYCZD',
  '//images.ctfassets.net/3cttzl4i3k1h/6V9RHvAyDvYvbZBHTlYCZD/11285171876f383ce2bd1e4c33a75b6e/WTDurhamDay30313.jpg',
  'Chris Sellek 2',
  1389,
  1289
);
insert into public.headshot (
  employee_id,
  type,
  mime_type,
  photo_id,
  url,
  alt,
  height,
  width
)
values (
  '7o4qCafyi9MPYNVYdwTuVh',
  'image',
  'image/jpeg',
  '4yvOBiromGuI1vCpmdGlzw',
  '//images.ctfassets.net/3cttzl4i3k1h/4yvOBiromGuI1vCpmdGlzw/b6af40888327f6683833a094e3132480/anne_elsea.jpeg',
  'Anne Elsea',
  500,
  500
);
insert into public.headshot (
  employee_id,
  type,
  mime_type,
  photo_id,
  url,
  alt,
  height,
  width
)
values (
  '5mkmnQ1YCvHLmJEuC96YG8',
  'image',
  'image/png',
  '1s07B5mMj58W3Ohit2r937',
  '//images.ctfassets.net/3cttzl4i3k1h/1s07B5mMj58W3Ohit2r937/465ad0785346b9013f3ba9697753be96/ceballos_teresa.png',
  'Teresa Ceballos',
  1000,
  1000
);
insert into public.headshot (
  employee_id,
  type,
  mime_type,
  photo_id,
  url,
  alt,
  height,
  width
)
values (
  '4nVwvAPt3foUNmgD2ql9fx',
  'image',
  'image/jpeg',
  '3HB17xgxkgxckHtp3oe3Aa',
  '//images.ctfassets.net/3cttzl4i3k1h/3HB17xgxkgxckHtp3oe3Aa/eb345e2a1009f83be830b14f0f879aa7/jordsan_ball.jpg',
  'Jordan Ball',
  170,
  170
);
insert into public.headshot (
  employee_id,
  type,
  mime_type,
  photo_id,
  url,
  alt,
  height,
  width
)
values (
  'bk97wPAedkaZVM8ZOqxIS',
  'image',
  'image/jpeg',
  '1x4PzzaiaGuOnINtGNQxsd',
  '//images.ctfassets.net/3cttzl4i3k1h/1x4PzzaiaGuOnINtGNQxsd/028b4d1ff078e7980ac365327a637c07/thomas_d.jpeg',
  'thomas d',
  274,
  263
);
insert into public.headshot (
  employee_id,
  type,
  mime_type,
  photo_id,
  url,
  alt,
  height,
  width
)
values (
  '3YntHaNK7aKxiDWggYmmp9',
  'image',
  'image/jpeg',
  '2xLDEGLYiJaHCRD8Zrj9cY',
  '//images.ctfassets.net/3cttzl4i3k1h/2xLDEGLYiJaHCRD8Zrj9cY/49a2a84a8e970fd49c77655df9344d3f/brendan_gregos.jpg',
  'Brendan Gregos',
  170,
  170
);
insert into public.headshot (
  employee_id,
  type,
  mime_type,
  photo_id,
  url,
  alt,
  height,
  width
)
values (
  'pBcwRVa0782lEA34jjQKn',
  'image',
  'image/png',
  '6PqIUTySRU5mn39PuPFc1r',
  '//images.ctfassets.net/3cttzl4i3k1h/6PqIUTySRU5mn39PuPFc1r/9bbb1a74d6be0030ea836749dd339374/amer_josh.png',
  'Josh Amer',
  1000,
  1000
);
insert into public.headshot (
  employee_id,
  type,
  mime_type,
  photo_id,
  url,
  alt,
  height,
  width
)
values (
  '56cYAZwvKkwXuy5IRYhIcC',
  'image',
  'image/png',
  '1Bqex6F0PGkKBFI1C9jwH3',
  '//images.ctfassets.net/3cttzl4i3k1h/1Bqex6F0PGkKBFI1C9jwH3/93c142b183f53a938c8193bed1d41427/Screen_Shot_2020-03-20_at_1.10.42_PM.png',
  'Angie Cho',
  888,
  942
);
insert into public.headshot (
  employee_id,
  type,
  mime_type,
  photo_id,
  url,
  alt,
  height,
  width
)
values (
  '722B1kUQrjxDmvYx8ZTdhZ',
  'image',
  'image/jpeg',
  '1AKDuzT2bFiIGb6UAWGwng',
  '//images.ctfassets.net/3cttzl4i3k1h/1AKDuzT2bFiIGb6UAWGwng/42e825088ef87ab6695c182d8ea88673/erik_la_manna.jpeg',
  'Erik LaManna',
  443,
  443
);
insert into public.headshot (
  employee_id,
  type,
  mime_type,
  photo_id,
  url,
  alt,
  height,
  width
)
values (
  'RMLSZrW5CZGyDvmiriiYl',
  'image',
  'image/jpeg',
  '1jsS5COryp6iBo7IXPcFqF',
  '//images.ctfassets.net/3cttzl4i3k1h/1jsS5COryp6iBo7IXPcFqF/ce7e9ecefd9016d6ce4e5ac91b3f2f0a/kyle_blazier.jpeg',
  'Kyle Blazier',
  393,
  393
);
insert into public.headshot (
  employee_id,
  type,
  mime_type,
  photo_id,
  url,
  alt,
  height,
  width
)
values (
  '2BCx27vX4o4Kxwa2HbraZF',
  'image',
  'image/png',
  '7AMrEhXOJMfSMtYlyNRCHY',
  '//images.ctfassets.net/3cttzl4i3k1h/7AMrEhXOJMfSMtYlyNRCHY/bfb749c5d4f8f5c5b901bce559ebae00/zettler_nick.png',
  'Nick Zettler',
  1000,
  1000
);
insert into public.headshot (
  employee_id,
  type,
  mime_type,
  photo_id,
  url,
  alt,
  height,
  width
)
values (
  '7tKm8UdpYY0DNJ4Gn4yhKD',
  'image',
  'image/jpeg',
  'eOKyokhfDfy7vDtGNM2Sl',
  '//images.ctfassets.net/3cttzl4i3k1h/eOKyokhfDfy7vDtGNM2Sl/8d30be2590c514003afcb91eee1b9573/brent_300x300.jpeg',
  'Brent Harmanis Picture',
  300,
  300
);
insert into public.headshot (
  employee_id,
  type,
  mime_type,
  photo_id,
  url,
  alt,
  height,
  width
)
values (
  '4Bh3S40cyMisnBruGPdS2t',
  'image',
  'image/png',
  '4mqgzeHK8l3aHjgTq9FqdS',
  '//images.ctfassets.net/3cttzl4i3k1h/4mqgzeHK8l3aHjgTq9FqdS/09beebabd9510860eada94da5f85073c/full_sullivan_jon.png',
  'Jon Sullivan Picture',
  300,
  300
);
insert into public.headshot (
  employee_id,
  type,
  mime_type,
  photo_id,
  url,
  alt,
  height,
  width
)
values (
  '1Z8QA7mTTHlF6DwCvSKva5',
  'image',
  'image/jpeg',
  '35R5qzY2G8DYc9kLk0dXAu',
  '//images.ctfassets.net/3cttzl4i3k1h/35R5qzY2G8DYc9kLk0dXAu/c27feee896ec841fd20e3d2c6f027f94/full_franks_phil.jpg',
  'full franks phil',
  300,
  300
);
insert into public.headshot (
  employee_id,
  type,
  mime_type,
  photo_id,
  url,
  alt,
  height,
  width
)
values (
  '3kCgnTlULsgtDYXVcqEQGt',
  'image',
  'image/png',
  'YZlutYxZUI55gkCvxnUlZ',
  '//images.ctfassets.net/3cttzl4i3k1h/YZlutYxZUI55gkCvxnUlZ/d5b0b4c2fd37be6b267572db8201718c/full_droll_pete.png',
  'full droll pete',
  300,
  300
);
insert into public.headshot (
  employee_id,
  type,
  mime_type,
  photo_id,
  url,
  alt,
  height,
  width
)
values (
  '3LifjQiR2BkHeZq8xW118J',
  'image',
  'image/jpeg',
  'TJwpwHO3d0IflriTMkUcn',
  '//images.ctfassets.net/3cttzl4i3k1h/TJwpwHO3d0IflriTMkUcn/9ec09f4206803fac678a69456331cf33/full_admonius_alec.jpg',
  'full admonius alec',
  300,
  300
);
insert into public.headshot (
  employee_id,
  type,
  mime_type,
  photo_id,
  url,
  alt,
  height,
  width
)
values (
  '3zvPBLuQPxGFAtPapUvjgU',
  'image',
  'image/jpeg',
  '2KJx35q4HQuR4xf0ijt9Ie',
  '//images.ctfassets.net/3cttzl4i3k1h/2KJx35q4HQuR4xf0ijt9Ie/42895e5419c27c14736d0ae1d212786c/full_nystrom_ryan.jpg',
  'full nystrom ryan',
  300,
  300
);
insert into public.headshot (
  employee_id,
  type,
  mime_type,
  photo_id,
  url,
  alt,
  height,
  width
)
values (
  '24HzlTmKjuzB1jjMbh31GQ',
  'image',
  'image/jpeg',
  '6yVgTnPyWSgZ4m2HrIAsNI',
  '//images.ctfassets.net/3cttzl4i3k1h/6yVgTnPyWSgZ4m2HrIAsNI/49262bb5c2052881862310847578a1e4/full_askew_luke.jpg',
  'full askew luke',
  300,
  300
);
insert into public.headshot (
  employee_id,
  type,
  mime_type,
  photo_id,
  url,
  alt,
  height,
  width
)
values (
  '6Weh8EfdHrn5WrnHxLQbuz',
  'image',
  'image/png',
  '4aG6pGncdM2njLkFOB431K',
  '//images.ctfassets.net/3cttzl4i3k1h/4aG6pGncdM2njLkFOB431K/4c8a9f5b106c04edb74716dd9c7a8f78/full_zeidner_steve.png',
  'full zeidner steve',
  300,
  300
);
insert into public.headshot (
  employee_id,
  type,
  mime_type,
  photo_id,
  url,
  alt,
  height,
  width
)
values (
  '7f7lDMxA0Q2ER5xeKgzcKI',
  'image',
  'image/png',
  '7vUNW34hBKCOZORgzfFDS3',
  '//images.ctfassets.net/3cttzl4i3k1h/7vUNW34hBKCOZORgzfFDS3/ed57a449fcf423f34864f553f4601805/full_gaughan_connor.png',
  'full gaughan connor',
  300,
  300
);
insert into public.headshot (
  employee_id,
  type,
  mime_type,
  photo_id,
  url,
  alt,
  height,
  width
)
values (
  '2EFUZD8q70bCXBdCuXqcOJ',
  'image',
  'image/jpeg',
  '1rViQTHh8r9jSOoJKULWyO',
  '//images.ctfassets.net/3cttzl4i3k1h/1rViQTHh8r9jSOoJKULWyO/da73002d0b063ec0e8d557b4a153abe7/full_parks_maria.jpg',
  'full parks maria',
  300,
  300
);
insert into public.headshot (
  employee_id,
  type,
  mime_type,
  photo_id,
  url,
  alt,
  height,
  width
)
values (
  'FwEKRD9bGdQi6lnWpFUNI',
  'image',
  'image/jpeg',
  '21dem53CC89SwLswbVnzkz',
  '//images.ctfassets.net/3cttzl4i3k1h/21dem53CC89SwLswbVnzkz/db0e53d5a5a63399a83d1376b6ba16b3/full_lopez_seth.jpg',
  'full lopez seth',
  300,
  300
);
insert into public.headshot (
  employee_id,
  type,
  mime_type,
  photo_id,
  url,
  alt,
  height,
  width
)
values (
  '15ZK0ja8lTTKDsB9gyFts1',
  'image',
  'image/png',
  '2NRQu7Hj1mp20PPoVJzNLM',
  '//images.ctfassets.net/3cttzl4i3k1h/2NRQu7Hj1mp20PPoVJzNLM/54714741104bda02746d7f8ff6f95773/squire_ryan.png',
  'squire ryan',
  1000,
  1000
);
insert into public.headshot (
  employee_id,
  type,
  mime_type,
  photo_id,
  url,
  alt,
  height,
  width
)
values (
  'd7hRfiwIqTyAd97qcACc5',
  'image',
  'image/png',
  '5JXw2K3BxKoIYzDFOV0ldZ',
  '//images.ctfassets.net/3cttzl4i3k1h/5JXw2K3BxKoIYzDFOV0ldZ/ed03bdbd27f604ce9cf1ad785b858d2a/full_ciolli_greg.png',
  'Greg Ciolli',
  300,
  300
);
insert into public.headshot (
  employee_id,
  type,
  mime_type,
  photo_id,
  url,
  alt,
  height,
  width
)
values (
  '7FaUuzDJZdccZjUrzg490U',
  'image',
  'image/png',
  '6iIs2a96MHgVlwJi8gZYGv',
  '//images.ctfassets.net/3cttzl4i3k1h/6iIs2a96MHgVlwJi8gZYGv/c6f615f80b827f661ce288b0ffcd02ba/full_leavengood_jayma.png',
  'full leavengood jayma',
  300,
  300
);
insert into public.headshot (
  employee_id,
  type,
  mime_type,
  photo_id,
  url,
  alt,
  height,
  width
)
values (
  '5NYfvAgcpILSMogEOLP5gT',
  'image',
  'image/jpeg',
  'AY1w4tUCFVSt9CYnTmffQ',
  '//images.ctfassets.net/3cttzl4i3k1h/AY1w4tUCFVSt9CYnTmffQ/14f3daa7df864f873856762f5dfdf445/KylieWhitman__1_.jpg',
  'Kylie Whitman',
  1117,
  1125
);
insert into public.headshot (
  employee_id,
  type,
  mime_type,
  photo_id,
  url,
  alt,
  height,
  width
)
values (
  'LLVkqCRNF0VvojSZUzh4U',
  'image',
  'image/png',
  '63viauDQTSZGiphauQpKSD',
  '//images.ctfassets.net/3cttzl4i3k1h/63viauDQTSZGiphauQpKSD/b39dcc71650c6a44dd9fd863183ab655/funk_image.png',
  'Funk',
  512,
  512
);
insert into public.headshot (
  employee_id,
  type,
  mime_type,
  photo_id,
  url,
  alt,
  height,
  width
)
values (
  '1r9MR20SHN6fXxuoIUhPIG',
  'image',
  'image/jpeg',
  '5zWWYy1Ozf1VOIwrxWdaql',
  '//images.ctfassets.net/3cttzl4i3k1h/5zWWYy1Ozf1VOIwrxWdaql/905882b73bca0a8c9f0edc0fb1c8eff0/trina_clark.jpeg',
  'Trina Clark',
  500,
  500
);
insert into public.headshot (
  employee_id,
  type,
  mime_type,
  photo_id,
  url,
  alt,
  height,
  width
)
values (
  '1k5Fcq6vicpmsEtgGCj6FG',
  'image',
  'image/png',
  '5Rr0s3L8wljYdZHtYgXAO1',
  '//images.ctfassets.net/3cttzl4i3k1h/5Rr0s3L8wljYdZHtYgXAO1/7168580faf7be140d7742db3673e976c/hugh_reigle.png',
  'hugh r',
  512,
  512
);
insert into public.headshot (
  employee_id,
  type,
  mime_type,
  photo_id,
  url,
  alt,
  height,
  width
)
values (
  '5aTa4alA3CeaWMEKyyuqIe',
  'image',
  'image/jpeg',
  '2TGhJO2lnTL6lIbnmheQix',
  '//images.ctfassets.net/3cttzl4i3k1h/2TGhJO2lnTL6lIbnmheQix/34a12be821ec0eb4075adedd80f45330/T0287KQCQ-U1GNNPSTE-b4a975d47db9-512.jpeg',
  'tessa meyer',
  512,
  512
);
insert into public.headshot (
  employee_id,
  type,
  mime_type,
  photo_id,
  url,
  alt,
  height,
  width
)
values (
  '28rIuEPlAfKt9YTVLOA7Hl',
  'image',
  'image/jpeg',
  '4Gatu84LIYMsoY49UgM7n4',
  '//images.ctfassets.net/3cttzl4i3k1h/4Gatu84LIYMsoY49UgM7n4/258a46e12407d4a93b665f94a8d99faf/ralph.jpeg',
  'ralph young',
  725,
  725
);
insert into public.headshot (
  employee_id,
  type,
  mime_type,
  photo_id,
  url,
  alt,
  height,
  width
)
values (
  '7A9j9jXrIhYFq3dSGOufeJ',
  'image',
  'image/jpeg',
  '6hqGfgsdxebV0rARBLTTDG',
  '//images.ctfassets.net/3cttzl4i3k1h/6hqGfgsdxebV0rARBLTTDG/04d6efa5d6cd44923d2130bf19c8084b/nedra.jpeg',
  'Nedra Mevoli',
  398,
  398
);
insert into public.headshot (
  employee_id,
  type,
  mime_type,
  photo_id,
  url,
  alt,
  height,
  width
)
values (
  '620a3KmM1BVBKmLFU7RYXb',
  'image',
  'image/jpeg',
  '6xsc2URE8Si3vkqPoVnOOW',
  '//images.ctfassets.net/3cttzl4i3k1h/6xsc2URE8Si3vkqPoVnOOW/016dca7738e5a5c99c0a986679bd4d99/amanda_harma.jpeg',
  'amanda harman',
  500,
  500
);
insert into public.headshot (
  employee_id,
  type,
  mime_type,
  photo_id,
  url,
  alt,
  height,
  width
)
values (
  '6YXFvb1cFGIG4w0WAcieiK',
  'image',
  'image/jpeg',
  '6EbG6CP2FqYODoStSSmEGF',
  '//images.ctfassets.net/3cttzl4i3k1h/6EbG6CP2FqYODoStSSmEGF/a035c9c4d768fe672f1993925aa8aff2/chris_stauffer.jpeg',
  'stauffer',
  500,
  500
);
insert into public.headshot (
  employee_id,
  type,
  mime_type,
  photo_id,
  url,
  alt,
  height,
  width
)
values (
  '3WCYqVR963Q4hB7pH9YVxe',
  'image',
  'image/jpeg',
  '79PkYrx56H2EhTJDmIxBTk',
  '//images.ctfassets.net/3cttzl4i3k1h/79PkYrx56H2EhTJDmIxBTk/1bfca70262a0d16754b4a90ccd2662f0/ameir.jpeg',
  'ameir al-zoubi',
  500,
  500
);
insert into public.headshot (
  employee_id,
  type,
  mime_type,
  photo_id,
  url,
  alt,
  height,
  width
)
values (
  '29sz2vcF0IVNGpsuUQ0cyf',
  'image',
  'image/jpeg',
  '7DHv2DJOl8WckWWcmLZvou',
  '//images.ctfassets.net/3cttzl4i3k1h/7DHv2DJOl8WckWWcmLZvou/1efc2eedba8f7c8ef13061cab643ad6f/monee.jpeg',
  'moneeb',
  241,
  241
);
insert into public.headshot (
  employee_id,
  type,
  mime_type,
  photo_id,
  url,
  alt,
  height,
  width
)
values (
  '3BsIW0VtrtNkj6ZlUmXKsY',
  'image',
  'image/jpeg',
  '5GgH0o6BvC8ROnzDGnpKpw',
  '//images.ctfassets.net/3cttzl4i3k1h/5GgH0o6BvC8ROnzDGnpKpw/b8439d1810d684e46d3760e6c16e6b57/roper.jpeg',
  'roper',
  500,
  500
);
insert into public.headshot (
  employee_id,
  type,
  mime_type,
  photo_id,
  url,
  alt,
  height,
  width
)
values (
  'mBd3kHxKh45gps4LxNgak',
  'image',
  'image/jpeg',
  '4tWVXf7j8vWpCbtfmXb53o',
  '//images.ctfassets.net/3cttzl4i3k1h/4tWVXf7j8vWpCbtfmXb53o/55eadf082c91233ed0fccfa3bafb37d4/image1__1_.jpeg',
  'Kim Tavenor',
  1800,
  1800
);
insert into public.headshot (
  employee_id,
  type,
  mime_type,
  photo_id,
  url,
  alt,
  height,
  width
)
values (
  '5FpfMCeCdYHiwBy0Vxbd2Y',
  'image',
  'image/jpeg',
  '2fHKO0y8HufVkN4uxnTdM7',
  '//images.ctfassets.net/3cttzl4i3k1h/2fHKO0y8HufVkN4uxnTdM7/26644f4f414369a08afc825d127cddcb/andy.jpeg',
  'andy ricchini',
  500,
  500
);
insert into public.headshot (
  employee_id,
  type,
  mime_type,
  photo_id,
  url,
  alt,
  height,
  width
)
values (
  '700yuhEzSXbw6M5MpeW5yr',
  'image',
  'image/jpeg',
  'Y0evuRwRfJJxeUR80O5I9',
  '//images.ctfassets.net/3cttzl4i3k1h/Y0evuRwRfJJxeUR80O5I9/29eaff5c3733bbf77758908e38ddb0f3/rachel_thomas.jpeg',
  'rachel thomas',
  587,
  570
);
insert into public.headshot (
  employee_id,
  type,
  mime_type,
  photo_id,
  url,
  alt,
  height,
  width
)
values (
  '2123',
  'image',
  'image/jpeg',
  '5KxDi1sp1YskmakeiQQCKg',
  '//images.ctfassets.net/3cttzl4i3k1h/5KxDi1sp1YskmakeiQQCKg/0d4afcd578d8ffa0e48bac7781d5cc89/headshot_nate_vogt.jpg',
  'headshot nate vogt',
  340,
  340
);
insert into public.headshot (
  employee_id,
  type,
  mime_type,
  photo_id,
  url,
  alt,
  height,
  width
)
values (
  '8a80803d7590054d01759005883d0000',
  'image',
  'image/jpeg',
  '4Qcr7oYHCgC4M2WU4kIcao',
  '//images.ctfassets.net/3cttzl4i3k1h/4Qcr7oYHCgC4M2WU4kIcao/9360ac59c805db9aa8bfe0eaccf1828e/headshot_frank_doyle.jpg',
  'headshot frank doyle',
  340,
  340
);
insert into public.hibernate_sequences (
  sequence_name,
  next_val
)
values (
  'default',
  1
);
insert into public.tree_employees (
  id,
  type,
  slug,
  job_title,
  first_name,
  last_name,
  selection_options_id
)
values (
  '29XgxedqmAO86mGeImqwEK',
  'people',
  'ben-frye',
  'Senior Software Engineer',
  'Ben',
  'Frye',
  null
);
insert into public.tree_employees (
  id,
  type,
  slug,
  job_title,
  first_name,
  last_name,
  selection_options_id
)
values (
  '2dMXmpIHPicQW6SW60qeKs',
  'people',
  'christy-phillips',
  'Chief Talent Officer',
  'Christy',
  'Phillips',
  null
);
insert into public.tree_employees (
  id,
  type,
  slug,
  job_title,
  first_name,
  last_name,
  selection_options_id
)
values (
  '4rugkOBzAcccWYKkKSqKQK',
  'people',
  'heather-raines',
  'Senior Technical Recruiter',
  'Heather',
  'Raines',
  null
);
insert into public.tree_employees (
  id,
  type,
  slug,
  job_title,
  first_name,
  last_name,
  selection_options_id
)
values (
  '5udIAbCug8Y8yYMSaM8w0u',
  'people',
  'rich-friedel',
  'Software Engineer',
  'Rich',
  'Friedel',
  null
);
insert into public.tree_employees (
  id,
  type,
  slug,
  job_title,
  first_name,
  last_name,
  selection_options_id
)
values (
  '2Cnun2DT8QgUyuEME2ewMu',
  'people',
  'eric-richardson',
  '\u200ePrincipal Software Engineer',
  'Eric',
  'Richardson',
  null
);
insert into public.tree_employees (
  id,
  type,
  slug,
  job_title,
  first_name,
  last_name,
  selection_options_id
)
values (
  'ZXJst3C2o6CGSeOkaMw4W',
  'people',
  'tobias-dengel',
  'CEO',
  'Tobias',
  'Dengel',
  null
);
insert into public.tree_employees (
  id,
  type,
  slug,
  job_title,
  first_name,
  last_name,
  selection_options_id
)
values (
  '5DcwFnVPDGumWIEcMue6U2',
  'people',
  'erik-lamanna',
  'VP of Engineering & Architecture',
  'Erik',
  'LaManna',
  null
);
insert into public.tree_employees (
  id,
  type,
  slug,
  job_title,
  first_name,
  last_name,
  selection_options_id
)
values (
  'GronavKyOq6WaWwy6ggcy',
  'people',
  'andrew-carter',
  'Senior Software Engineer',
  'Andrew',
  'Carter',
  null
);
insert into public.tree_employees (
  id,
  type,
  slug,
  job_title,
  first_name,
  last_name,
  selection_options_id
)
values (
  '20Y46LxW32keOE40WSug0m',
  'people',
  'michael-ross',
  'Senior Software Engineer',
  'Michael',
  'Ross',
  null
);
insert into public.tree_employees (
  id,
  type,
  slug,
  job_title,
  first_name,
  last_name,
  selection_options_id
)
values (
  '5Vl4KEWDT2QY6iqAE2USUo',
  'people',
  'emily-seibert',
  'Software Engineer',
  'Emily',
  'Seibert',
  null
);
insert into public.tree_employees (
  id,
  type,
  slug,
  job_title,
  first_name,
  last_name,
  selection_options_id
)
values (
  '5o8FknMJ4kC0eouSgEcKUm',
  'people',
  'peter-centofante',
  'Director of Product Strategy',
  'Peter',
  'Centofante',
  null
);
insert into public.tree_employees (
  id,
  type,
  slug,
  job_title,
  first_name,
  last_name,
  selection_options_id
)
values (
  '2PngvjLZLGImKKq68iC6Yc',
  'people',
  'kevin-snead',
  'Senior VP of Engineering',
  'Kevin',
  'Snead',
  null
);
insert into public.tree_employees (
  id,
  type,
  slug,
  job_title,
  first_name,
  last_name,
  selection_options_id
)
values (
  'dGkTvWVcmAAC04aCQW0mS',
  'people',
  'michael-moore',
  'Chief Commercial Officer',
  'Michael',
  'Moore',
  null
);
insert into public.tree_employees (
  id,
  type,
  slug,
  job_title,
  first_name,
  last_name,
  selection_options_id
)
values (
  '6lpOoKHp3UaOYA4EQ4S8Q6',
  'people',
  'scott-wolfson',
  'Director of Market Research',
  'Scott',
  'Wolfson',
  null
);
insert into public.tree_employees (
  id,
  type,
  slug,
  job_title,
  first_name,
  last_name,
  selection_options_id
)
values (
  '3tGbSlO6vK8qKEeayIYS0c',
  'people',
  'adrian-guevara',
  'VP of Security',
  'Adrian',
  'Guevara',
  null
);
insert into public.tree_employees (
  id,
  type,
  slug,
  job_title,
  first_name,
  last_name,
  selection_options_id
)
values (
  '3UanW3Rdq08YuyeocUcU8K',
  'people',
  'jordan-schreuder',
  'Solutions Architect',
  'Jordan',
  'Schreuder',
  null
);
insert into public.tree_employees (
  id,
  type,
  slug,
  job_title,
  first_name,
  last_name,
  selection_options_id
)
values (
  '7LIMW8fkOWi8C8yccCcYC',
  'people',
  'samuel-jones',
  'Software Engineer',
  'Samuel',
  'Jones',
  null
);
insert into public.tree_employees (
  id,
  type,
  slug,
  job_title,
  first_name,
  last_name,
  selection_options_id
)
values (
  '336esrta1WmIOqa06m0qog',
  'people',
  'whitney-french',
  'Senior Product Designer',
  'Whitney',
  'French',
  null
);
insert into public.tree_employees (
  id,
  type,
  slug,
  job_title,
  first_name,
  last_name,
  selection_options_id
)
values (
  '1N1fKFmUuMG6YwiKEowcsw',
  'people',
  'andrew-harris',
  'Director of Account Services',
  'Andrew',
  'Harris',
  null
);
insert into public.tree_employees (
  id,
  type,
  slug,
  job_title,
  first_name,
  last_name,
  selection_options_id
)
values (
  '5is2VWvwg8CikSkeoosmu6',
  'people',
  'tesceline-tabilas',
  'Senior Product Designer',
  'Tesceline',
  'Tabilas',
  null
);
insert into public.tree_employees (
  id,
  type,
  slug,
  job_title,
  first_name,
  last_name,
  selection_options_id
)
values (
  '5hNC6JUqukwOKu8egksAqu',
  'people',
  'ian-terrell',
  'Senior Software Engineer',
  'Ian',
  'Terrell',
  null
);
insert into public.tree_employees (
  id,
  type,
  slug,
  job_title,
  first_name,
  last_name,
  selection_options_id
)
values (
  '3o2ztrM3zOgE0aEeuyUWQ0',
  'people',
  'pete-springett',
  'Principal Software Engineer',
  'Pete',
  'Springett',
  null
);
insert into public.tree_employees (
  id,
  type,
  slug,
  job_title,
  first_name,
  last_name,
  selection_options_id
)
values (
  '4bDutgPzSw8Qie0IkgmcU6',
  'people',
  'prichard',
  '',
  'Michael',
  'Prichard',
  null
);
insert into public.tree_employees (
  id,
  type,
  slug,
  job_title,
  first_name,
  last_name,
  selection_options_id
)
values (
  '4f0HPrOjBYWWEw06eU26Q',
  'people',
  'sean-harvey',
  'Principal Software Engineer',
  'Sean',
  'Harvey',
  null
);
insert into public.tree_employees (
  id,
  type,
  slug,
  job_title,
  first_name,
  last_name,
  selection_options_id
)
values (
  'cHirYYyMH6iS6gIGm4UWQ',
  'people',
  'mike-ross',
  'Senior Software Engineer',
  'Mike',
  'Ross',
  null
);
insert into public.tree_employees (
  id,
  type,
  slug,
  job_title,
  first_name,
  last_name,
  selection_options_id
)
values (
  '124YwfWhlG6Uica2Ck8WEM',
  'people',
  'matthew-morrison',
  'Senior UX Researcher',
  'Matthew',
  'Morrison',
  null
);
insert into public.tree_employees (
  id,
  type,
  slug,
  job_title,
  first_name,
  last_name,
  selection_options_id
)
values (
  '5AtfuGiuvmUuEWeI00QwAa',
  'people',
  'jackson-taylor',
  'Software Engineer',
  'Jackson',
  'Taylor',
  null
);
insert into public.tree_employees (
  id,
  type,
  slug,
  job_title,
  first_name,
  last_name,
  selection_options_id
)
values (
  '6uDdi3KAggc0iACGckiyMw',
  'people',
  'ryan-grigsby',
  'Software Engineer',
  'Ryan',
  'Grigsby',
  null
);
insert into public.tree_employees (
  id,
  type,
  slug,
  job_title,
  first_name,
  last_name,
  selection_options_id
)
values (
  'YhcZTCn0KicuQmEuQEYoW',
  'people',
  'tyler-romeo',
  'Principal Software Engineer',
  'Tyler',
  'Romeo',
  null
);
insert into public.tree_employees (
  id,
  type,
  slug,
  job_title,
  first_name,
  last_name,
  selection_options_id
)
values (
  '6btNXZhuo0uQSo4icYqGyO',
  'people',
  'preston-brown',
  'Software Engineer',
  'Preston',
  'Brown',
  null
);
insert into public.tree_employees (
  id,
  type,
  slug,
  job_title,
  first_name,
  last_name,
  selection_options_id
)
values (
  '33wpGNOyL6CKMEsMgaEMK2',
  'people',
  'halen-wooten',
  'Software Engineer',
  'Halen',
  'Wooten',
  null
);
insert into public.tree_employees (
  id,
  type,
  slug,
  job_title,
  first_name,
  last_name,
  selection_options_id
)
values (
  '7zNwpL4C3KqYqW88UWmokg',
  'people',
  'will-ellis',
  'Software Engineer',
  'Will',
  'Ellis',
  null
);
insert into public.tree_employees (
  id,
  type,
  slug,
  job_title,
  first_name,
  last_name,
  selection_options_id
)
values (
  '5zeP4yE3LiUk8iKCyyoEaQ',
  'people',
  'kevin-conner',
  'Senior Software Engineer',
  'Kevin',
  'Conner',
  null
);
insert into public.tree_employees (
  id,
  type,
  slug,
  job_title,
  first_name,
  last_name,
  selection_options_id
)
values (
  '2vhctN1Zfeo6EeUc0maEUG',
  'people',
  'austen-lux',
  'Software Engineer',
  'Austen',
  'Lux',
  null
);
insert into public.tree_employees (
  id,
  type,
  slug,
  job_title,
  first_name,
  last_name,
  selection_options_id
)
values (
  '5MsUfUPfPOIwgIMaG4WEWq',
  'people',
  'john-loy',
  'Senior Software Engineer',
  'John',
  'Loy',
  null
);
insert into public.tree_employees (
  id,
  type,
  slug,
  job_title,
  first_name,
  last_name,
  selection_options_id
)
values (
  '13aHloIWnOmcQQyM4UU0ok',
  'people',
  'jeremy-stern',
  'Senior Analytics Architect',
  'Jeremy',
  'Stern',
  null
);
insert into public.tree_employees (
  id,
  type,
  slug,
  job_title,
  first_name,
  last_name,
  selection_options_id
)
values (
  '10wbWMtbYaIcwQoWgY646W',
  'people',
  'jack-ross',
  'Software Engineer',
  'Jack',
  'Ross',
  null
);
insert into public.tree_employees (
  id,
  type,
  slug,
  job_title,
  first_name,
  last_name,
  selection_options_id
)
values (
  '2UUFBWewvYsyYIsC08ugWK',
  'people',
  'tatyana-casino',
  'Platform Software Engineer',
  'Tatyana',
  'Casino',
  null
);
insert into public.tree_employees (
  id,
  type,
  slug,
  job_title,
  first_name,
  last_name,
  selection_options_id
)
values (
  '2JO6Ky4MVaQqEYQos42MKk',
  'people',
  'matthew-wolfe',
  'Software Testing Analyst',
  'Matthew',
  'Wolfe',
  null
);
insert into public.tree_employees (
  id,
  type,
  slug,
  job_title,
  first_name,
  last_name,
  selection_options_id
)
values (
  '4vP0ODY2BqeaGgeWiqqw0E',
  'people',
  'julia-swenson',
  'Director of Product Design',
  'Julia',
  'Swenson',
  null
);
insert into public.tree_employees (
  id,
  type,
  slug,
  job_title,
  first_name,
  last_name,
  selection_options_id
)
values (
  '7vhrRUnl0ksaYGAc4wu8kE',
  'people',
  'scott-zetlan',
  '',
  'Scott',
  'Zetlan',
  null
);
insert into public.tree_employees (
  id,
  type,
  slug,
  job_title,
  first_name,
  last_name,
  selection_options_id
)
values (
  '4KlJjxVUAEmSGaAEqOSQeW',
  'people',
  'chandler',
  'Platform Software Engineer',
  'Charlie',
  'Chandler',
  null
);
insert into public.tree_employees (
  id,
  type,
  slug,
  job_title,
  first_name,
  last_name,
  selection_options_id
)
values (
  '4k4ksxlNHqy8y02Gs22CkY',
  'people',
  'bowles',
  'Senior Software Testing Analyst',
  'Ashby',
  'Bowles',
  null
);
insert into public.tree_employees (
  id,
  type,
  slug,
  job_title,
  first_name,
  last_name,
  selection_options_id
)
values (
  '5HpWL8S1aMoA6aomq06Soe',
  'people',
  'yohe',
  'Principal Software Engineer',
  'Matthew',
  'Yohe',
  null
);
insert into public.tree_employees (
  id,
  type,
  slug,
  job_title,
  first_name,
  last_name,
  selection_options_id
)
values (
  '63zMjzatos6gkWEYkMAmsM',
  'people',
  'jordan-dunn',
  'Senior Product Designer',
  'Jordan',
  'Dunn',
  null
);
insert into public.tree_employees (
  id,
  type,
  slug,
  job_title,
  first_name,
  last_name,
  selection_options_id
)
values (
  'WMZBgojs4K2yoWGcasYci',
  'people',
  'brandon-carter',
  'Software Engineer',
  'Brandon',
  'Carter',
  null
);
insert into public.tree_employees (
  id,
  type,
  slug,
  job_title,
  first_name,
  last_name,
  selection_options_id
)
values (
  '4SZdEPpNGUAsw8OWciISwk',
  'people',
  'jesse-prehodick',
  'Senior Product Designer',
  'Jesse',
  'Prehodick',
  null
);
insert into public.tree_employees (
  id,
  type,
  slug,
  job_title,
  first_name,
  last_name,
  selection_options_id
)
values (
  '2Py3OXbu4MSKMYAEii2mwY',
  'people',
  'matthew-dawson',
  'Principal Software Engineer',
  'Matthew',
  'Dawson',
  null
);
insert into public.tree_employees (
  id,
  type,
  slug,
  job_title,
  first_name,
  last_name,
  selection_options_id
)
values (
  '5g2tJNSvhmqayaI0eqAWiq',
  'people',
  'shafran',
  'Solutions Architect',
  'Alex',
  'Shafran',
  null
);
insert into public.tree_employees (
  id,
  type,
  slug,
  job_title,
  first_name,
  last_name,
  selection_options_id
)
values (
  '52sUSQZiQUqo0ege4wUmy4',
  'people',
  'matthew-baranowski',
  'Principal Software Engineer',
  'Matthew',
  'Baranowski',
  null
);
insert into public.tree_employees (
  id,
  type,
  slug,
  job_title,
  first_name,
  last_name,
  selection_options_id
)
values (
  '4lh5w7atvOgYsEggioUiCU',
  'people',
  'angela-batten',
  '',
  'Angela',
  'Batten',
  null
);
insert into public.tree_employees (
  id,
  type,
  slug,
  job_title,
  first_name,
  last_name,
  selection_options_id
)
values (
  'p7Mrn8Pjsyc0W2mSuiKWy',
  'people',
  'omalley',
  '',
  'Patrick',
  'Omalley',
  null
);
insert into public.tree_employees (
  id,
  type,
  slug,
  job_title,
  first_name,
  last_name,
  selection_options_id
)
values (
  '65nBbIgj5eyyCksEOyQ4UK',
  'people',
  'matthew-oconnell',
  'Senior Software Engineer',
  'Matthew',
  'OConnell',
  null
);
insert into public.tree_employees (
  id,
  type,
  slug,
  job_title,
  first_name,
  last_name,
  selection_options_id
)
values (
  '61N1dIxKRqSGKwgSiKIqyE',
  'people',
  'will-mayo',
  'Sr. VP of Business Development',
  'Will',
  'Mayo',
  null
);
insert into public.tree_employees (
  id,
  type,
  slug,
  job_title,
  first_name,
  last_name,
  selection_options_id
)
values (
  '2GxLv4FiPKiCYS4aQoyGK8',
  'people',
  'nathan-vogt',
  '',
  'Nathan',
  'Vogt',
  null
);
insert into public.tree_employees (
  id,
  type,
  slug,
  job_title,
  first_name,
  last_name,
  selection_options_id
)
values (
  '2CRuj65BL2sqkwoWQwmUEM',
  'people',
  'bijal-patel',
  'Senior Software Test Analyst',
  'Bijal',
  'Patel',
  null
);
insert into public.tree_employees (
  id,
  type,
  slug,
  job_title,
  first_name,
  last_name,
  selection_options_id
)
values (
  '3sXbQQ3NIsCiEuqMQeWwcw',
  'people',
  'cassandra-sharpe',
  '',
  'Cassandra',
  'Sharpe',
  null
);
insert into public.tree_employees (
  id,
  type,
  slug,
  job_title,
  first_name,
  last_name,
  selection_options_id
)
values (
  '10RbMxoaP0A6amcAoGeSC2',
  'people',
  'elizabeth-batman',
  'Campus Recruiter',
  'Elizabeth',
  'Batman',
  'aca01ec2-b104-4524-9a22-521100f208d9'
);
insert into public.tree_employees (
  id,
  type,
  slug,
  job_title,
  first_name,
  last_name,
  selection_options_id
)
values (
  '4YKWqsxefuuOUkQc8oiWaQ',
  'people',
  'frank-doyle',
  '',
  'Frank',
  'Doyle',
  '031fa0e8-0b93-432a-8de9-8c0330d81c21'
);
insert into public.tree_employees (
  id,
  type,
  slug,
  job_title,
  first_name,
  last_name,
  selection_options_id
)
values (
  '5CBPi94yKkyWAMWqmWigak',
  'people',
  'andrew-morgan',
  '',
  'Andrew',
  'Morgan',
  '832f7328-084f-4c7a-b56f-2b71a47536d9'
);
insert into public.tree_employees (
  id,
  type,
  slug,
  job_title,
  first_name,
  last_name,
  selection_options_id
)
values (
  '2JK2zW1eG42C00wYeoC68y',
  'people',
  'derek-brameyer',
  'VP of Operations - Durham',
  'Derek',
  'Brameyer',
  '881dadf7-a5cf-4162-813f-b9e1fd4e17af'
);
insert into public.tree_employees (
  id,
  type,
  slug,
  job_title,
  first_name,
  last_name,
  selection_options_id
)
values (
  '3xocJIz0AMuUOQmAS4kcQS',
  'people',
  'nate-wootten',
  'Director of Product Innovation',
  'Nate',
  'Wootten',
  '031fa0e8-0b93-432a-8de9-8c0330d81c21'
);
insert into public.tree_employees (
  id,
  type,
  slug,
  job_title,
  first_name,
  last_name,
  selection_options_id
)
values (
  '56zuFgdeoMqAOuIKe0M4AU',
  'people',
  'ashley-joost',
  'Senior Software Engineer',
  'Ashley',
  'Joost',
  'dbf1791d-cb54-415f-a3ad-bd42d10b0e5d'
);
insert into public.tree_employees (
  id,
  type,
  slug,
  job_title,
  first_name,
  last_name,
  selection_options_id
)
values (
  '6CrM4BdoJ2yUmeaOAYsCA2',
  'people',
  'rebekkah-brown',
  'Project Manager',
  'Rebekkah',
  'Brown',
  'dbf1791d-cb54-415f-a3ad-bd42d10b0e5d'
);
insert into public.tree_employees (
  id,
  type,
  slug,
  job_title,
  first_name,
  last_name,
  selection_options_id
)
values (
  '6A18REzQJOiskCYQgaMYQa',
  'people',
  'sean-amos',
  'Software Engineer',
  'Sean',
  'Amos',
  '63173c8a-4218-41dd-9391-16c06b8aeaa5'
);
insert into public.tree_employees (
  id,
  type,
  slug,
  job_title,
  first_name,
  last_name,
  selection_options_id
)
values (
  '2eHtpKOwuAIuSu6MmOcCyK',
  'people',
  'adam-shea',
  '',
  'Adam',
  'Shea',
  '63173c8a-4218-41dd-9391-16c06b8aeaa5'
);
insert into public.tree_employees (
  id,
  type,
  slug,
  job_title,
  first_name,
  last_name,
  selection_options_id
)
values (
  '9bEzPLdBAcOeQKmIyeywS',
  'people',
  'blake-sirach',
  'Chief Product Officer',
  'Blake',
  'Sirach',
  '832f7328-084f-4c7a-b56f-2b71a47536d9'
);
insert into public.tree_employees (
  id,
  type,
  slug,
  job_title,
  first_name,
  last_name,
  selection_options_id
)
values (
  '57brgwaTHyQG4YiGqcw6Ek',
  'people',
  'kevin-welcher',
  'Senior Software Engineer',
  'Kevin',
  'Welcher',
  null
);
insert into public.tree_employees (
  id,
  type,
  slug,
  job_title,
  first_name,
  last_name,
  selection_options_id
)
values (
  '7zHJnICoY86ek8oISwYUsA',
  'people',
  'bryant',
  'Platform Software Engineer',
  'Barry',
  'Bryant',
  null
);
insert into public.tree_employees (
  id,
  type,
  slug,
  job_title,
  first_name,
  last_name,
  selection_options_id
)
values (
  '406rycFMu40YkMEQ8iW6s6',
  'people',
  'abby-cook',
  'Controller',
  'Abby',
  'Cook',
  null
);
insert into public.tree_employees (
  id,
  type,
  slug,
  job_title,
  first_name,
  last_name,
  selection_options_id
)
values (
  '4gMPr6QczCugU8uis0wq4E',
  'people',
  'hannan',
  '',
  'Walker',
  'Hannan',
  null
);
insert into public.tree_employees (
  id,
  type,
  slug,
  job_title,
  first_name,
  last_name,
  selection_options_id
)
values (
  '6xacTlJA2WwIWEKW8kWue4',
  'people',
  'daniel-willowtree',
  '',
  'Daniel',
  'WillowTree',
  null
);
insert into public.tree_employees (
  id,
  type,
  slug,
  job_title,
  first_name,
  last_name,
  selection_options_id
)
values (
  '4vnxwjdqTKCqMGYM2aOUak',
  'people',
  'caroline-hompe',
  'Product Researcher',
  'Caroline',
  'Hompe',
  null
);
insert into public.tree_employees (
  id,
  type,
  slug,
  job_title,
  first_name,
  last_name,
  selection_options_id
)
values (
  '31U2yMvqfe60UwS0EIQsYY',
  'people',
  'michael-lake',
  '',
  'Michael',
  'Lake',
  null
);
insert into public.tree_employees (
  id,
  type,
  slug,
  job_title,
  first_name,
  last_name,
  selection_options_id
)
values (
  '2mwvZXpPAk2Mu84gY6e0Gy',
  'people',
  'chloe-norris',
  'Software Testing Analyst',
  'Chloe',
  'Norris',
  null
);
insert into public.tree_employees (
  id,
  type,
  slug,
  job_title,
  first_name,
  last_name,
  selection_options_id
)
values (
  '3doekO3OPm4Ac2YqQY2mWC',
  'people',
  'tahir',
  'Senior Software Engineer',
  'Nish',
  'Tahir',
  null
);
insert into public.tree_employees (
  id,
  type,
  slug,
  job_title,
  first_name,
  last_name,
  selection_options_id
)
values (
  'gKT4TuBCDY6w0YwoAS2eM',
  'people',
  'seibert',
  'Senior Content Strategist',
  'Melanie',
  'Seibert',
  null
);
insert into public.tree_employees (
  id,
  type,
  slug,
  job_title,
  first_name,
  last_name,
  selection_options_id
)
values (
  '2eKUsaLa0UgwaCGU0uAS6W',
  'people',
  'david-brear',
  'Software Engineer',
  'David',
  'Brear',
  null
);
insert into public.tree_employees (
  id,
  type,
  slug,
  job_title,
  first_name,
  last_name,
  selection_options_id
)
values (
  '1eUENnvwnkW48K0Og4uiCY',
  'people',
  'kendra-schmid',
  'Project Manager',
  'Kendra',
  'Schmid',
  null
);
insert into public.tree_employees (
  id,
  type,
  slug,
  job_title,
  first_name,
  last_name,
  selection_options_id
)
values (
  '4WJSbbtNn2W02ygcQQ2o8O',
  'people',
  'steve-gordon',
  'Product Designer',
  'Steve',
  'Gordon',
  null
);
insert into public.tree_employees (
  id,
  type,
  slug,
  job_title,
  first_name,
  last_name,
  selection_options_id
)
values (
  '6JmEiXMWGcggGAo4W0UKeG',
  'people',
  'todd-glidewell',
  'Project Manager',
  'Todd',
  'Glidewell',
  null
);
insert into public.tree_employees (
  id,
  type,
  slug,
  job_title,
  first_name,
  last_name,
  selection_options_id
)
values (
  '5FHScUTZnyuC0AiCa6Aggc',
  'people',
  'tucker-legard',
  'Senior Software Engineer',
  'Tucker',
  'Legard',
  null
);
insert into public.tree_employees (
  id,
  type,
  slug,
  job_title,
  first_name,
  last_name,
  selection_options_id
)
values (
  '6qi0txvBkWYK8AimoASS2w',
  'people',
  'christine-bryant-ryback',
  'Senior Software Engineer',
  'Christine',
  'Bryant-Ryback',
  null
);
insert into public.tree_employees (
  id,
  type,
  slug,
  job_title,
  first_name,
  last_name,
  selection_options_id
)
values (
  '6WSdNSEh7Ui6i0KWqwmcW0',
  'people',
  'ayesha-zafar',
  'Senior Product Researcher',
  'Ayesha',
  'Zafar',
  null
);
insert into public.tree_employees (
  id,
  type,
  slug,
  job_title,
  first_name,
  last_name,
  selection_options_id
)
values (
  '5WVQlJ4ebeS2OuMMw0Qu0O',
  'people',
  'james-sun',
  'Software Engineer',
  'James',
  'Sun',
  null
);
insert into public.tree_employees (
  id,
  type,
  slug,
  job_title,
  first_name,
  last_name,
  selection_options_id
)
values (
  '5cl7San9EsQq8yGO4m8UiY',
  'people',
  'karen-wei',
  'Director of Business Development',
  'Karen',
  'Wei',
  null
);
insert into public.tree_employees (
  id,
  type,
  slug,
  job_title,
  first_name,
  last_name,
  selection_options_id
)
values (
  '29Sn6GoIcE2G2uKgkqmcgg',
  'people',
  'compton',
  'Software Engineer',
  'Evan',
  'Compton',
  null
);
insert into public.tree_employees (
  id,
  type,
  slug,
  job_title,
  first_name,
  last_name,
  selection_options_id
)
values (
  '6IHtsXaquAmSKekUAUsCma',
  'people',
  'midland',
  'Analytics Architect',
  'Alicia',
  'Midland',
  null
);
insert into public.tree_employees (
  id,
  type,
  slug,
  job_title,
  first_name,
  last_name,
  selection_options_id
)
values (
  '4yRaVo6ZvOII6Icqgiu6eu',
  'people',
  'sho-modica',
  'Senior Project Manager',
  'Sho',
  'Modica',
  null
);
insert into public.tree_employees (
  id,
  type,
  slug,
  job_title,
  first_name,
  last_name,
  selection_options_id
)
values (
  '3zGu1K4YfKYg0Us2qQgaQI',
  'people',
  'luke-tomlinson',
  'Senior Software Engineer - iOS',
  'Luke',
  'Tomlinson',
  null
);
insert into public.tree_employees (
  id,
  type,
  slug,
  job_title,
  first_name,
  last_name,
  selection_options_id
)
values (
  'Qxo6nb6ReEoUWGMy2uMwg',
  'people',
  'signer',
  'VP and General Counsel',
  'Michael',
  'Signer',
  null
);
insert into public.tree_employees (
  id,
  type,
  slug,
  job_title,
  first_name,
  last_name,
  selection_options_id
)
values (
  '4e4nKTkqc028UE20gwUGK6',
  'people',
  'atwood',
  'Principal Product Strategist',
  'Daniel',
  'Atwood',
  null
);
insert into public.tree_employees (
  id,
  type,
  slug,
  job_title,
  first_name,
  last_name,
  selection_options_id
)
values (
  'ZkH72Rj3aegcA6QEeiIQY',
  'people',
  'edward-greve',
  'Software Engineer',
  'Edward',
  'Greve',
  null
);
insert into public.tree_employees (
  id,
  type,
  slug,
  job_title,
  first_name,
  last_name,
  selection_options_id
)
values (
  '6uLkL9vd60eImOoEGs44IS',
  'people',
  'charlotte-de wolfe',
  'Product Design Intern',
  'Charlotte',
  'de Wolfe',
  null
);
insert into public.tree_employees (
  id,
  type,
  slug,
  job_title,
  first_name,
  last_name,
  selection_options_id
)
values (
  '4Dm4Je4S0gg6iyUkKK0Oe2',
  'people',
  'gatewood',
  '',
  'Patrick',
  'Gatewood',
  null
);
insert into public.tree_employees (
  id,
  type,
  slug,
  job_title,
  first_name,
  last_name,
  selection_options_id
)
values (
  'yd3muzHpzaMaYUkgggUqi',
  'people',
  'soo rin-park',
  'Platform Software Engineer',
  'Soo Rin',
  'Park',
  null
);
insert into public.tree_employees (
  id,
  type,
  slug,
  job_title,
  first_name,
  last_name,
  selection_options_id
)
values (
  '3tZEMuy332MMEi8eK0EeQ8',
  'people',
  'sam-heavner',
  'Platform Software Engineer',
  'Sam',
  'Heavner',
  null
);
insert into public.tree_employees (
  id,
  type,
  slug,
  job_title,
  first_name,
  last_name,
  selection_options_id
)
values (
  '4pUINmKK6cgACEsQYu00W0',
  'people',
  'rundell',
  '',
  'Delaney',
  'Rundell',
  null
);
insert into public.tree_employees (
  id,
  type,
  slug,
  job_title,
  first_name,
  last_name,
  selection_options_id
)
values (
  '3SuVKWUfja4mAQkAUYYsao',
  'people',
  'pizzimenti',
  'Product Designer',
  'Alexandra',
  'Pizzimenti',
  null
);
insert into public.tree_employees (
  id,
  type,
  slug,
  job_title,
  first_name,
  last_name,
  selection_options_id
)
values (
  '1uOI2ibhhWaEkOwwMom6oK',
  'people',
  'witten',
  'Software Engineer',
  'Jonathan',
  'Witten',
  null
);
insert into public.tree_employees (
  id,
  type,
  slug,
  job_title,
  first_name,
  last_name,
  selection_options_id
)
values (
  '1IKDyd5pgcKGEa8qSuiMmA',
  'people',
  'samuel-shiffman',
  'Platform Software Engineer',
  'Samuel',
  'Shiffman',
  null
);
insert into public.tree_employees (
  id,
  type,
  slug,
  job_title,
  first_name,
  last_name,
  selection_options_id
)
values (
  '19LrPt51IYuKq6qec8go68',
  'people',
  'connor',
  'Recruiting Intern',
  'Amanda',
  'Connor',
  null
);
insert into public.tree_employees (
  id,
  type,
  slug,
  job_title,
  first_name,
  last_name,
  selection_options_id
)
values (
  '6wFgHqSdkA4ywiuqwQogKq',
  'people',
  'anne-fry',
  'Senior Software Test Engineer',
  'Anne',
  'Fry',
  null
);
insert into public.tree_employees (
  id,
  type,
  slug,
  job_title,
  first_name,
  last_name,
  selection_options_id
)
values (
  '4I7OiJ42XYW2aauwUMikqY',
  'people',
  'chris-mays',
  'Software Engineer',
  'Chris',
  'Mays',
  null
);
insert into public.tree_employees (
  id,
  type,
  slug,
  job_title,
  first_name,
  last_name,
  selection_options_id
)
values (
  '1QJiy9TGBWueKEi6yqMUku',
  'people',
  'giacherio',
  'Product Designer',
  'Paul',
  'Giacherio',
  null
);
insert into public.tree_employees (
  id,
  type,
  slug,
  job_title,
  first_name,
  last_name,
  selection_options_id
)
values (
  '74Rx10c7Fm6YGcMwaaI2yU',
  'people',
  'wickenkamp',
  'Senior Software Test Engineer',
  'Tina',
  'Wickenkamp',
  null
);
insert into public.tree_employees (
  id,
  type,
  slug,
  job_title,
  first_name,
  last_name,
  selection_options_id
)
values (
  '4HVV1s9W76GEiSUU2Aaocg',
  'people',
  'william-zantzinger',
  'VP of Business Development',
  'William',
  'Zantzinger',
  null
);
insert into public.tree_employees (
  id,
  type,
  slug,
  job_title,
  first_name,
  last_name,
  selection_options_id
)
values (
  'dnvFOoY8FMMOqyG06AsI6',
  'people',
  'michael-pollock',
  'Software Engineer',
  'Michael',
  'Pollock',
  null
);
insert into public.tree_employees (
  id,
  type,
  slug,
  job_title,
  first_name,
  last_name,
  selection_options_id
)
values (
  '3VoELOt5hY8wKwO2M68e4i',
  'people',
  'laurence-banner',
  'VP of Learning & Development',
  'Larry',
  'Banner',
  null
);
insert into public.tree_employees (
  id,
  type,
  slug,
  job_title,
  first_name,
  last_name,
  selection_options_id
)
values (
  '3ts8XCQvuUQ6gIEMUi4qoy',
  'people',
  'welk',
  'Principal Product Researcher in User Experience',
  'Allaire',
  'Welk, PhD',
  null
);
insert into public.tree_employees (
  id,
  type,
  slug,
  job_title,
  first_name,
  last_name,
  selection_options_id
)
values (
  '69WVdp9xTOuGcoAcs0I4ye',
  'people',
  'meyers',
  'Principal Product Researcher in User Experience',
  'Claire',
  'Maiers',
  null
);
insert into public.tree_employees (
  id,
  type,
  slug,
  job_title,
  first_name,
  last_name,
  selection_options_id
)
values (
  '2cpk9aD81mWSkugEkAU8EE',
  'people',
  'rao',
  'Software Engineer',
  'Osama',
  'Rao',
  null
);
insert into public.tree_employees (
  id,
  type,
  slug,
  job_title,
  first_name,
  last_name,
  selection_options_id
)
values (
  '5BEVM7wUY82AGqUIuowmwc',
  'people',
  'cady',
  'VP of Business Development',
  'Jarrod',
  'Cady',
  null
);
insert into public.tree_employees (
  id,
  type,
  slug,
  job_title,
  first_name,
  last_name,
  selection_options_id
)
values (
  '6hKgliUEecIO2ccyykOguG',
  'people',
  'gray',
  'Software Engineer Intern',
  'Matt',
  'Gray',
  null
);
insert into public.tree_employees (
  id,
  type,
  slug,
  job_title,
  first_name,
  last_name,
  selection_options_id
)
values (
  '5oV9G8eKisW0M0GUCo4eke',
  'people',
  'cherry',
  'Software Engineer',
  'Joseph',
  'Cherry',
  null
);
insert into public.tree_employees (
  id,
  type,
  slug,
  job_title,
  first_name,
  last_name,
  selection_options_id
)
values (
  '5BHCvZ7OcEoCMcIYUk6Aoi',
  'people',
  'niemann',
  'Platform Software Engineer',
  'Greg',
  'Niemann',
  null
);
insert into public.tree_employees (
  id,
  type,
  slug,
  job_title,
  first_name,
  last_name,
  selection_options_id
)
values (
  '5p16RUZqGkUIOCCYYiKUWe',
  'people',
  'christopher-dinon',
  'Platform Software Engineer',
  'Christopher',
  'Dinon',
  null
);
insert into public.tree_employees (
  id,
  type,
  slug,
  job_title,
  first_name,
  last_name,
  selection_options_id
)
values (
  '6fTnNvI8aQCcQiAyWOgOGG',
  'people',
  'michael-freenor',
  'Senior Data Scientist',
  'Michael',
  'Freenor',
  null
);
insert into public.tree_employees (
  id,
  type,
  slug,
  job_title,
  first_name,
  last_name,
  selection_options_id
)
values (
  'XXRvvkg6KA8C0YqWaowa2',
  'people',
  'degroof',
  'Software Test Engineer',
  'Amanda',
  'DeGroof',
  null
);
insert into public.tree_employees (
  id,
  type,
  slug,
  job_title,
  first_name,
  last_name,
  selection_options_id
)
values (
  '3YjEOfftnac2QMMIiws6aE',
  'people',
  'paul-klauser',
  'Platform Software Engineer',
  'Paul',
  'Klauser',
  null
);
insert into public.tree_employees (
  id,
  type,
  slug,
  job_title,
  first_name,
  last_name,
  selection_options_id
)
values (
  '354dXna14sMCkwukaesC0e',
  'people',
  'kussman',
  'Software Test Engineer',
  'Lee',
  'Kussman',
  null
);
insert into public.tree_employees (
  id,
  type,
  slug,
  job_title,
  first_name,
  last_name,
  selection_options_id
)
values (
  '6KeyfX12Q8Ko2GMAcAswUu',
  'people',
  'carly-wilson',
  'Software Test Engineer',
  'Carly',
  'Wilson',
  null
);
insert into public.tree_employees (
  id,
  type,
  slug,
  job_title,
  first_name,
  last_name,
  selection_options_id
)
values (
  '32S4zeL22IG282ssyee2si',
  'people',
  'ritter',
  'VP of Strategic Alliances',
  'Ryan',
  'Ritter',
  null
);
insert into public.tree_employees (
  id,
  type,
  slug,
  job_title,
  first_name,
  last_name,
  selection_options_id
)
values (
  '4qFhHJBYHY6WcgicAOK86m',
  'people',
  'christian',
  'Product Designer',
  'Brittany',
  'Christian',
  null
);
insert into public.tree_employees (
  id,
  type,
  slug,
  job_title,
  first_name,
  last_name,
  selection_options_id
)
values (
  '4aSoSNPp5e6yAmgIqAGoIy',
  'people',
  'bulka',
  'Product Strategist',
  'Margo',
  'Bulka',
  'aca01ec2-b104-4524-9a22-521100f208d9'
);
insert into public.tree_employees (
  id,
  type,
  slug,
  job_title,
  first_name,
  last_name,
  selection_options_id
)
values (
  '3xndgkifS0W2gque6awEEk',
  'people',
  'pratt',
  'Creative Content Specialist',
  'Guion',
  'Pratt',
  'da942889-4de6-4946-9aec-bb3b400f42c1'
);
insert into public.tree_employees (
  id,
  type,
  slug,
  job_title,
  first_name,
  last_name,
  selection_options_id
)
values (
  '5Nr4SiYjM4umkQe2uC88am',
  'people',
  'erika-cober',
  'Senior Technical Recruiter',
  'Erika',
  'Cober',
  'da942889-4de6-4946-9aec-bb3b400f42c1'
);
insert into public.tree_employees (
  id,
  type,
  slug,
  job_title,
  first_name,
  last_name,
  selection_options_id
)
values (
  '1syHN53aOYIQYWgyQw0cos',
  'people',
  'erwin',
  'Analytics Architect',
  'Taylor',
  'Erwin',
  null
);
insert into public.tree_employees (
  id,
  type,
  slug,
  job_title,
  first_name,
  last_name,
  selection_options_id
)
values (
  '3fgaigpnJYGYGWGWA6IMAy',
  'people',
  'frysinger',
  'VP of Engineering & Architecture',
  'Robert',
  'Frysinger',
  null
);
insert into public.tree_employees (
  id,
  type,
  slug,
  job_title,
  first_name,
  last_name,
  selection_options_id
)
values (
  '6xn7sUFT0WIccUUs6Wsu4m',
  'people',
  'mike-evans',
  'Software Engineer',
  'Mike',
  'Evans',
  '031fa0e8-0b93-432a-8de9-8c0330d81c21'
);
insert into public.tree_employees (
  id,
  type,
  slug,
  job_title,
  first_name,
  last_name,
  selection_options_id
)
values (
  'qVFUKKiqqWqsYMgOoamko',
  'people',
  'mahreen-azam',
  'Software Test Engineer',
  'Mahreen',
  'Azam',
  '832f7328-084f-4c7a-b56f-2b71a47536d9'
);
insert into public.tree_employees (
  id,
  type,
  slug,
  job_title,
  first_name,
  last_name,
  selection_options_id
)
values (
  '69HdQ20k6IAoIgcYiSGawe',
  'people',
  'hunter-mcmillen',
  '',
  'Hunter',
  'McMillen',
  '881dadf7-a5cf-4162-813f-b9e1fd4e17af'
);
insert into public.tree_employees (
  id,
  type,
  slug,
  job_title,
  first_name,
  last_name,
  selection_options_id
)
values (
  '2aSGxjVOhqcYAaYOM2sMk4',
  'people',
  'sean-kenkeremath',
  'Software Engineer',
  'Sean',
  'Kenkeremath',
  '63173c8a-4218-41dd-9391-16c06b8aeaa5'
);
insert into public.tree_employees (
  id,
  type,
  slug,
  job_title,
  first_name,
  last_name,
  selection_options_id
)
values (
  '1yAXw5gi8EusawQQw6A24M',
  'people',
  'robert-thompson',
  '',
  'Robert',
  'Thompson',
  '63173c8a-4218-41dd-9391-16c06b8aeaa5'
);
insert into public.tree_employees (
  id,
  type,
  slug,
  job_title,
  first_name,
  last_name,
  selection_options_id
)
values (
  '1RcXIywcByigaCeWK6UKqO',
  'people',
  'staff',
  '',
  'WillowTree',
  'Staff',
  null
);
insert into public.tree_employees (
  id,
  type,
  slug,
  job_title,
  first_name,
  last_name,
  selection_options_id
)
values (
  '1iSYQEClqQ6UcWYacuI2y4',
  'people',
  'Alex Ramey',
  'Software Engineer',
  'Alex',
  'Ramey',
  null
);
insert into public.tree_employees (
  id,
  type,
  slug,
  job_title,
  first_name,
  last_name,
  selection_options_id
)
values (
  '1ZTt4K1YfKI64IoQaAEW2A',
  'people',
  'Taylor Erwin',
  'Analytics Architect',
  'Taylor',
  'Erwin',
  null
);
insert into public.tree_employees (
  id,
  type,
  slug,
  job_title,
  first_name,
  last_name,
  selection_options_id
)
values (
  '4JhehJJ2OQUCCWEaYCCu00',
  'people',
  'mccaughey',
  'Technical Requirements Manager',
  'Matt',
  'McCaughey',
  null
);
insert into public.tree_employees (
  id,
  type,
  slug,
  job_title,
  first_name,
  last_name,
  selection_options_id
)
values (
  '2hf3dZwYT2GwSGUWUmkWUU',
  'people',
  'loy',
  'Backend Engineer',
  'Jeremy',
  'Loy',
  null
);
insert into public.tree_employees (
  id,
  type,
  slug,
  job_title,
  first_name,
  last_name,
  selection_options_id
)
values (
  '2hBrAyH1Q6KTtWulqVlC2O',
  'people',
  'norris',
  'Principal Software Test Engineer',
  'Chloe',
  'Norris',
  null
);
insert into public.tree_employees (
  id,
  type,
  slug,
  job_title,
  first_name,
  last_name,
  selection_options_id
)
values (
  '5cF0RNrHkrVAeqXW5bpR8T',
  'people',
  'cook',
  'Software Engineer',
  'Daniel',
  'Cook',
  null
);
insert into public.tree_employees (
  id,
  type,
  slug,
  job_title,
  first_name,
  last_name,
  selection_options_id
)
values (
  '3Kq8vC8yNkViQllgIMfxms',
  'people',
  'alley',
  'Product Designer',
  'Jacob',
  'Alley',
  null
);
insert into public.tree_employees (
  id,
  type,
  slug,
  job_title,
  first_name,
  last_name,
  selection_options_id
)
values (
  '5ZVZd60WAEK7OGQQPPo6Df',
  'people',
  'largen',
  'Designer',
  'Hannah',
  'Largen',
  null
);
insert into public.tree_employees (
  id,
  type,
  slug,
  job_title,
  first_name,
  last_name,
  selection_options_id
)
values (
  '7mN7T9X7RwbRgPJ68Qtayh',
  'people',
  'simmons',
  'Software Test Engineer',
  'Christina',
  'Simmons',
  null
);
insert into public.tree_employees (
  id,
  type,
  slug,
  job_title,
  first_name,
  last_name,
  selection_options_id
)
values (
  '3it3H156fQDlAT4h7vX47I',
  'people',
  'anderson',
  'Software Engineer',
  'Leroy',
  'Anderson',
  null
);
insert into public.tree_employees (
  id,
  type,
  slug,
  job_title,
  first_name,
  last_name,
  selection_options_id
)
values (
  '5PWG9URFxUcKF66mMD00xj',
  'people',
  'worrell',
  'Marketing Coordinator',
  'Caitlin',
  'Worrell',
  null
);
insert into public.tree_employees (
  id,
  type,
  slug,
  job_title,
  first_name,
  last_name,
  selection_options_id
)
values (
  '7q7OyQbSlf683JLGy96QDD',
  'people',
  'locke',
  'Senior Software Engineer',
  'Garrison',
  'Locke',
  null
);
insert into public.tree_employees (
  id,
  type,
  slug,
  job_title,
  first_name,
  last_name,
  selection_options_id
)
values (
  '2n58ep57IREpbqXtFpX00n',
  'people',
  'ohanian',
  'Software Engineer',
  'Kyle',
  'Ohanian',
  null
);
insert into public.tree_employees (
  id,
  type,
  slug,
  job_title,
  first_name,
  last_name,
  selection_options_id
)
values (
  '1hSXl2C5j72Jd2VKlFiuPR',
  'people',
  'swenson',
  'VP & Design Director',
  'Julia',
  'Swenson',
  null
);
insert into public.tree_employees (
  id,
  type,
  slug,
  job_title,
  first_name,
  last_name,
  selection_options_id
)
values (
  '1FWCoFArKxzJ6qXvWYFGzO',
  'people',
  'ogorman',
  'Software Engineer',
  'Ryan',
  'OGorman',
  null
);
insert into public.tree_employees (
  id,
  type,
  slug,
  job_title,
  first_name,
  last_name,
  selection_options_id
)
values (
  'PFGdyuUw43neIzrGgDGWR',
  'people',
  'weaver',
  'Administration Coordinator',
  'Gregory',
  'Weaver',
  null
);
insert into public.tree_employees (
  id,
  type,
  slug,
  job_title,
  first_name,
  last_name,
  selection_options_id
)
values (
  '23p00G4INJTxIcm6EDxr1R',
  'people',
  'gregos',
  'Software Engineer',
  'Steve',
  'Gregos',
  null
);
insert into public.tree_employees (
  id,
  type,
  slug,
  job_title,
  first_name,
  last_name,
  selection_options_id
)
values (
  '4m2KM06fJf0fsyaiR2D6y6',
  'people',
  'ketebo',
  'Software Engineer',
  'Aman',
  'Ketebo',
  null
);
insert into public.tree_employees (
  id,
  type,
  slug,
  job_title,
  first_name,
  last_name,
  selection_options_id
)
values (
  '55iuXF2pi8vvXi6BqotYBm',
  'people',
  'haste',
  'Technical Requirements Manager',
  'Val',
  'Haste',
  null
);
insert into public.tree_employees (
  id,
  type,
  slug,
  job_title,
  first_name,
  last_name,
  selection_options_id
)
values (
  '2QVmuy21IYPkAEoQKMFSps',
  'people',
  'peterson',
  'Director of SEO Services',
  'Kurt',
  'Peterson',
  null
);
insert into public.tree_employees (
  id,
  type,
  slug,
  job_title,
  first_name,
  last_name,
  selection_options_id
)
values (
  '6bMB1B3AYfckoXjJRwx4KO',
  'people',
  'beard',
  'Software Engineer',
  'Ian',
  'Beard',
  null
);
insert into public.tree_employees (
  id,
  type,
  slug,
  job_title,
  first_name,
  last_name,
  selection_options_id
)
values (
  '1IwG11PCda1aKFbddOJDXb',
  'people',
  'paul-giacherio',
  'VP & Design Director',
  'Paul',
  'Giacherio',
  null
);
insert into public.tree_employees (
  id,
  type,
  slug,
  job_title,
  first_name,
  last_name,
  selection_options_id
)
values (
  '4HjDd1XfLdwQZMbaC5B41N',
  'people',
  'condi',
  'VP of Program Management',
  'John',
  'Condi',
  null
);
insert into public.tree_employees (
  id,
  type,
  slug,
  job_title,
  first_name,
  last_name,
  selection_options_id
)
values (
  '14iInASUmFC5tGaUL8xtAn',
  'people',
  'braymeyer',
  'VP of Engineering & Architecture',
  'Derek',
  'Brameyer',
  null
);
insert into public.tree_employees (
  id,
  type,
  slug,
  job_title,
  first_name,
  last_name,
  selection_options_id
)
values (
  '3gd6vLeTXHzVy1kn5Yhw9i',
  'people',
  'modica',
  'VP of Program Management',
  'Sho',
  'Modica',
  null
);
insert into public.tree_employees (
  id,
  type,
  slug,
  job_title,
  first_name,
  last_name,
  selection_options_id
)
values (
  '2zxarpzEWX8NXiwyn8J6aT',
  'people',
  'mullen',
  'VP of Program Management',
  'Don',
  'Mullen',
  null
);
insert into public.tree_employees (
  id,
  type,
  slug,
  job_title,
  first_name,
  last_name,
  selection_options_id
)
values (
  '2PLHyys2m89lUJEWoJ0SmO',
  'people',
  'wright',
  'VP of Engineering & Architecture',
  'Patrick',
  'Wright',
  null
);
insert into public.tree_employees (
  id,
  type,
  slug,
  job_title,
  first_name,
  last_name,
  selection_options_id
)
values (
  '3i9JnQ7B1aIrx7JkKohwAj',
  'people',
  'higgins',
  'VP of Business Development',
  'Patrick',
  'Higgins',
  null
);
insert into public.tree_employees (
  id,
  type,
  slug,
  job_title,
  first_name,
  last_name,
  selection_options_id
)
values (
  '1bLms04DjfGHm2WBYqqCut',
  'people',
  'smith',
  'Growth Manager',
  'Emily',
  'Smith',
  null
);
insert into public.tree_employees (
  id,
  type,
  slug,
  job_title,
  first_name,
  last_name,
  selection_options_id
)
values (
  '1wX5hLsPC6bdg4IXEfZpUE',
  'people',
  'kate-gallaher',
  'VP of Business Development',
  'Kate',
  'Gallaher',
  null
);
insert into public.tree_employees (
  id,
  type,
  slug,
  job_title,
  first_name,
  last_name,
  selection_options_id
)
values (
  '1AA37oMaA0CVyGvSobGbOa',
  'people',
  'laplaca',
  'VP & Design Director',
  'Ben',
  'LaPlaca',
  null
);
insert into public.tree_employees (
  id,
  type,
  slug,
  job_title,
  first_name,
  last_name,
  selection_options_id
)
values (
  'kfwIIqdvo3uiMgwEgksa5',
  'people',
  'long',
  'VP of Engineering & Architecture',
  'Chris',
  'Long',
  null
);
insert into public.tree_employees (
  id,
  type,
  slug,
  job_title,
  first_name,
  last_name,
  selection_options_id
)
values (
  '4CJdtloG8jj4HyAhnF6y0p',
  'people',
  'reif',
  'VP of Innovation Engineering',
  'Dave',
  'Reif',
  null
);
insert into public.tree_employees (
  id,
  type,
  slug,
  job_title,
  first_name,
  last_name,
  selection_options_id
)
values (
  '2lCE1lvcy1z1DtQlwSQqqV',
  'people',
  'whitman',
  'VP of Engineering & Architecture',
  'Bobby',
  'Whitman',
  null
);
insert into public.tree_employees (
  id,
  type,
  slug,
  job_title,
  first_name,
  last_name,
  selection_options_id
)
values (
  'NBwvKTIgn9KjNchpZiZiq',
  'people',
  'haider',
  'Software Engineer',
  'Najia',
  'Haider',
  null
);
insert into public.tree_employees (
  id,
  type,
  slug,
  job_title,
  first_name,
  last_name,
  selection_options_id
)
values (
  '24Zh52RYecnpd7PUNvZci9',
  'people',
  'brown',
  'Project Management Intern',
  'Joshua',
  'Brown',
  null
);
insert into public.tree_employees (
  id,
  type,
  slug,
  job_title,
  first_name,
  last_name,
  selection_options_id
)
values (
  '2lpeXRfM99ko3nmBRXyJb1',
  'people',
  'goff',
  'Platform Software Test Engineer',
  'Aaron',
  'Goff',
  null
);
insert into public.tree_employees (
  id,
  type,
  slug,
  job_title,
  first_name,
  last_name,
  selection_options_id
)
values (
  '7o4qCafyi9MPYNVYdwTuVh',
  'people',
  'elsea',
  'Growth Coordinator',
  'Anne',
  'Elsea',
  null
);
insert into public.tree_employees (
  id,
  type,
  slug,
  job_title,
  first_name,
  last_name,
  selection_options_id
)
values (
  '5mkmnQ1YCvHLmJEuC96YG8',
  'people',
  'ceballos',
  'Content Marketing Strategist',
  'Teresa',
  'Ceballos',
  null
);
insert into public.tree_employees (
  id,
  type,
  slug,
  job_title,
  first_name,
  last_name,
  selection_options_id
)
values (
  'bk97wPAedkaZVM8ZOqxIS',
  'people',
  'dimauro',
  'Roku Engineer',
  'Thomas',
  'DiMauro',
  null
);
insert into public.tree_employees (
  id,
  type,
  slug,
  job_title,
  first_name,
  last_name,
  selection_options_id
)
values (
  '3YntHaNK7aKxiDWggYmmp9',
  'people',
  'b-gregos',
  'Software Engineer',
  'Brendan',
  'Gregos',
  null
);
insert into public.tree_employees (
  id,
  type,
  slug,
  job_title,
  first_name,
  last_name,
  selection_options_id
)
values (
  'pBcwRVa0782lEA34jjQKn',
  'people',
  'amer',
  'Principal Product Strategist',
  'Josh',
  'Amer',
  null
);
insert into public.tree_employees (
  id,
  type,
  slug,
  job_title,
  first_name,
  last_name,
  selection_options_id
)
values (
  '56cYAZwvKkwXuy5IRYhIcC',
  'people',
  'cho',
  'Growth Manager',
  'Angie',
  'Cho',
  null
);
insert into public.tree_employees (
  id,
  type,
  slug,
  job_title,
  first_name,
  last_name,
  selection_options_id
)
values (
  '722B1kUQrjxDmvYx8ZTdhZ',
  'people',
  'lamanna',
  'VP of Engineering & Architecture',
  'Erik',
  'LaManna',
  null
);
insert into public.tree_employees (
  id,
  type,
  slug,
  job_title,
  first_name,
  last_name,
  selection_options_id
)
values (
  'RMLSZrW5CZGyDvmiriiYl',
  'people',
  'blazier',
  'Platform Software Engineer, iOS',
  'Kyle',
  'Blazier',
  null
);
insert into public.tree_employees (
  id,
  type,
  slug,
  job_title,
  first_name,
  last_name,
  selection_options_id
)
values (
  '2BCx27vX4o4Kxwa2HbraZF',
  'people',
  'zettler',
  'AVP, Business Development',
  'Nick',
  'Zettler',
  null
);
insert into public.tree_employees (
  id,
  type,
  slug,
  job_title,
  first_name,
  last_name,
  selection_options_id
)
values (
  '7tKm8UdpYY0DNJ4Gn4yhKD',
  'people',
  'harmanis',
  'Sales Operations Manager',
  'Brent',
  'Harmanis',
  null
);
insert into public.tree_employees (
  id,
  type,
  slug,
  job_title,
  first_name,
  last_name,
  selection_options_id
)
values (
  '1Z8QA7mTTHlF6DwCvSKva5',
  'people',
  'franks',
  '',
  'Phil',
  'Franks',
  null
);
insert into public.tree_employees (
  id,
  type,
  slug,
  job_title,
  first_name,
  last_name,
  selection_options_id
)
values (
  '3LifjQiR2BkHeZq8xW118J',
  'people',
  'admonius',
  '',
  'Alec',
  'Admonius',
  null
);
insert into public.tree_employees (
  id,
  type,
  slug,
  job_title,
  first_name,
  last_name,
  selection_options_id
)
values (
  '3zvPBLuQPxGFAtPapUvjgU',
  'people',
  'nystrom',
  'Software Engineer',
  'Ryan',
  'Nystrom',
  null
);
insert into public.tree_employees (
  id,
  type,
  slug,
  job_title,
  first_name,
  last_name,
  selection_options_id
)
values (
  '24HzlTmKjuzB1jjMbh31GQ',
  'people',
  'askew',
  '',
  'Luke',
  'Askew',
  null
);
insert into public.tree_employees (
  id,
  type,
  slug,
  job_title,
  first_name,
  last_name,
  selection_options_id
)
values (
  '6Weh8EfdHrn5WrnHxLQbuz',
  'people',
  'zeidner',
  '',
  'Steve',
  'Zeidner',
  null
);
insert into public.tree_employees (
  id,
  type,
  slug,
  job_title,
  first_name,
  last_name,
  selection_options_id
)
values (
  '7f7lDMxA0Q2ER5xeKgzcKI',
  'people',
  'gaughan',
  'Senior Designer',
  'Connor',
  'Gaughan',
  null
);
insert into public.tree_employees (
  id,
  type,
  slug,
  job_title,
  first_name,
  last_name,
  selection_options_id
)
values (
  '15ZK0ja8lTTKDsB9gyFts1',
  'people',
  'squire',
  '',
  'Ryan',
  'Squire',
  null
);
insert into public.tree_employees (
  id,
  type,
  slug,
  job_title,
  first_name,
  last_name,
  selection_options_id
)
values (
  'd7hRfiwIqTyAd97qcACc5',
  'people',
  'ciolli',
  'Principal Product Architect',
  'Greg',
  'Ciolli',
  null
);
insert into public.tree_employees (
  id,
  type,
  slug,
  job_title,
  first_name,
  last_name,
  selection_options_id
)
values (
  '7FaUuzDJZdccZjUrzg490U',
  'people',
  'leavengood',
  'Product Architect',
  'Jayma',
  'Leavengood',
  null
);
insert into public.tree_employees (
  id,
  type,
  slug,
  job_title,
  first_name,
  last_name,
  selection_options_id
)
values (
  '5NYfvAgcpILSMogEOLP5gT',
  'people',
  'k-whitman',
  'VP of Program Management',
  'Kylie',
  'Whitman',
  null
);
insert into public.tree_employees (
  id,
  type,
  slug,
  job_title,
  first_name,
  last_name,
  selection_options_id
)
values (
  '1r9MR20SHN6fXxuoIUhPIG',
  'people',
  'clark',
  'Senior Executive Assistant',
  'Trina',
  'Clark',
  null
);
insert into public.tree_employees (
  id,
  type,
  slug,
  job_title,
  first_name,
  last_name,
  selection_options_id
)
values (
  '1k5Fcq6vicpmsEtgGCj6FG',
  'people',
  'riegel',
  'Platform Software Engineer',
  'Hugh',
  'Riegel',
  null
);
insert into public.tree_employees (
  id,
  type,
  slug,
  job_title,
  first_name,
  last_name,
  selection_options_id
)
values (
  '5aTa4alA3CeaWMEKyyuqIe',
  'people',
  'tessa-meyer',
  'Product Designer',
  'Tessa',
  'Meyer',
  null
);
insert into public.tree_employees (
  id,
  type,
  slug,
  job_title,
  first_name,
  last_name,
  selection_options_id
)
values (
  '28rIuEPlAfKt9YTVLOA7Hl',
  'people',
  'young',
  'Project Manager',
  'Ralph',
  'Young',
  null
);
insert into public.tree_employees (
  id,
  type,
  slug,
  job_title,
  first_name,
  last_name,
  selection_options_id
)
values (
  '7A9j9jXrIhYFq3dSGOufeJ',
  'people',
  'mevoli',
  'Software Engineer',
  'Nedra',
  'Mevoli',
  null
);
insert into public.tree_employees (
  id,
  type,
  slug,
  job_title,
  first_name,
  last_name,
  selection_options_id
)
values (
  'fiuE738WSPmpVKAgIfiU7',
  'people',
  'sellek',
  'Senior Software Engineer',
  'Chris',
  'Sellek',
  'aca01ec2-b104-4524-9a22-521100f208d9'
);
insert into public.tree_employees (
  id,
  type,
  slug,
  job_title,
  first_name,
  last_name,
  selection_options_id
)
values (
  '6yIuH0d6F8ESgLV3e25fQi',
  'people',
  'dopkiss',
  'Chief Innovation Officer',
  'Matt',
  'Dopkiss',
  '881dadf7-a5cf-4162-813f-b9e1fd4e17af'
);
insert into public.tree_employees (
  id,
  type,
  slug,
  job_title,
  first_name,
  last_name,
  selection_options_id
)
values (
  '25AzvijyjpAeDk6Xzqv2su',
  'people',
  'havin',
  'Growth Manager',
  'Tom',
  'Havin',
  'da942889-4de6-4946-9aec-bb3b400f42c1'
);
insert into public.tree_employees (
  id,
  type,
  slug,
  job_title,
  first_name,
  last_name,
  selection_options_id
)
values (
  '4Bh3S40cyMisnBruGPdS2t',
  'people',
  'sullivan',
  'Solutions Architect',
  'Jon',
  'Sullivan',
  '031fa0e8-0b93-432a-8de9-8c0330d81c21'
);
insert into public.tree_employees (
  id,
  type,
  slug,
  job_title,
  first_name,
  last_name,
  selection_options_id
)
values (
  '4nVwvAPt3foUNmgD2ql9fx',
  'people',
  'ball',
  'Software Engineer',
  'Jordan',
  'Ball',
  '031fa0e8-0b93-432a-8de9-8c0330d81c21'
);
insert into public.tree_employees (
  id,
  type,
  slug,
  job_title,
  first_name,
  last_name,
  selection_options_id
)
values (
  '5Kx6ZCRDESxWEYN5fJyPXx',
  'people',
  'giles',
  'VP of Program Management',
  'Ellie',
  'Giles',
  null
);
insert into public.tree_employees (
  id,
  type,
  slug,
  job_title,
  first_name,
  last_name,
  selection_options_id
)
values (
  '4RbpatzIIE8eA9kQ8XmPlc',
  'people',
  'stokes',
  'Senior Product Researcher',
  'Thomas',
  'Stokes',
  null
);
insert into public.tree_employees (
  id,
  type,
  slug,
  job_title,
  first_name,
  last_name,
  selection_options_id
)
values (
  'FwEKRD9bGdQi6lnWpFUNI',
  'people',
  'lopez',
  '',
  'Seth',
  'Lopez',
  'dbf1791d-cb54-415f-a3ad-bd42d10b0e5d'
);
insert into public.tree_employees (
  id,
  type,
  slug,
  job_title,
  first_name,
  last_name,
  selection_options_id
)
values (
  'LLVkqCRNF0VvojSZUzh4U',
  'people',
  'funk',
  'Sr. Business Development: Financial Services',
  'Steve',
  'Funk',
  'dbf1791d-cb54-415f-a3ad-bd42d10b0e5d'
);
insert into public.tree_employees (
  id,
  type,
  slug,
  job_title,
  first_name,
  last_name,
  selection_options_id
)
values (
  '1z5iYFftB9I2zr89dKPZNX',
  'people',
  'fischer',
  'VP of Business Development',
  'Billy',
  'Fischer',
  '63173c8a-4218-41dd-9391-16c06b8aeaa5'
);
insert into public.tree_employees (
  id,
  type,
  slug,
  job_title,
  first_name,
  last_name,
  selection_options_id
)
values (
  '620a3KmM1BVBKmLFU7RYXb',
  'people',
  'harman',
  'Platform Software Engineer - iOS',
  'Amanda',
  'Harman',
  null
);
insert into public.tree_employees (
  id,
  type,
  slug,
  job_title,
  first_name,
  last_name,
  selection_options_id
)
values (
  '6YXFvb1cFGIG4w0WAcieiK',
  'people',
  'christopher-stauffer',
  'Principal Product Designer',
  'Christopher',
  'Stauffer',
  null
);
insert into public.tree_employees (
  id,
  type,
  slug,
  job_title,
  first_name,
  last_name,
  selection_options_id
)
values (
  '29sz2vcF0IVNGpsuUQ0cyf',
  'people',
  'sayed',
  'Software Engineer - iOS',
  'Moneeb',
  'Sayed',
  null
);
insert into public.tree_employees (
  id,
  type,
  slug,
  job_title,
  first_name,
  last_name,
  selection_options_id
)
values (
  '3BsIW0VtrtNkj6ZlUmXKsY',
  'people',
  'roper',
  'Demand Manager',
  'Thomas',
  'Roper',
  null
);
insert into public.tree_employees (
  id,
  type,
  slug,
  job_title,
  first_name,
  last_name,
  selection_options_id
)
values (
  'mBd3kHxKh45gps4LxNgak',
  'people',
  'tavenor',
  'Digital Content Specialist',
  'Kim',
  'Tavenor',
  null
);
insert into public.tree_employees (
  id,
  type,
  slug,
  job_title,
  first_name,
  last_name,
  selection_options_id
)
values (
  '5FpfMCeCdYHiwBy0Vxbd2Y',
  'people',
  'ricchini',
  'Talent Acquisition Strategist',
  'Andy',
  'Ricchini',
  null
);
insert into public.tree_employees (
  id,
  type,
  slug,
  job_title,
  first_name,
  last_name,
  selection_options_id
)
values (
  '3nYZCiQcicEEGqsQiCekuc',
  'people',
  'matthew-hewes',
  'Principal Product Designer',
  'Matthew',
  'Hewes',
  'a46bbf60-ebbd-49c2-a802-2c6ff1d5754a'
);
insert into public.tree_employees (
  id,
  type,
  slug,
  job_title,
  first_name,
  last_name,
  selection_options_id
)
values (
  '5IBGxCGOw8SKIega6Oeiwa',
  'people',
  'jasonye',
  'Project Manager',
  'Jason',
  'Ye',
  'a46bbf60-ebbd-49c2-a802-2c6ff1d5754a'
);
insert into public.tree_employees (
  id,
  type,
  slug,
  job_title,
  first_name,
  last_name,
  selection_options_id
)
values (
  '3zYwz1CWOIqqIkwEsAmmMM',
  'people',
  'stern',
  'Senior Analytics Architect',
  'Jeremy',
  'Stern',
  'a46bbf60-ebbd-49c2-a802-2c6ff1d5754a'
);
insert into public.tree_employees (
  id,
  type,
  slug,
  job_title,
  first_name,
  last_name,
  selection_options_id
)
values (
  '1Q47Drq9XNiWVFuWLyCAc5',
  'people',
  'timm',
  'VP of Program Management',
  'Jamie',
  'Timm',
  'a46bbf60-ebbd-49c2-a802-2c6ff1d5754a'
);
insert into public.tree_employees (
  id,
  type,
  slug,
  job_title,
  first_name,
  last_name,
  selection_options_id
)
values (
  '2EFUZD8q70bCXBdCuXqcOJ',
  'people',
  'parks',
  'Team Director',
  'Maria',
  'Parks',
  'a46bbf60-ebbd-49c2-a802-2c6ff1d5754a'
);
insert into public.tree_employees (
  id,
  type,
  slug,
  job_title,
  first_name,
  last_name,
  selection_options_id
)
values (
  '2F35rF1wOlXReBnJK4miuj',
  'people',
  'loewen',
  'Director of Growth Marketing',
  'Billie',
  'Loewen',
  'a46bbf60-ebbd-49c2-a802-2c6ff1d5754a'
);
insert into public.tree_employees (
  id,
  type,
  slug,
  job_title,
  first_name,
  last_name,
  selection_options_id
)
values (
  '14tyvyMcHuKOOsIGEWyyAG',
  'people',
  'morgan',
  'Software Test Engineer Intern',
  'Jesse',
  'Morgan',
  'aca01ec2-b104-4524-9a22-521100f208d9'
);
insert into public.tree_employees (
  id,
  type,
  slug,
  job_title,
  first_name,
  last_name,
  selection_options_id
)
values (
  '77fk4hAiJyOkMIkUOyGGya',
  'people',
  'vannuys',
  'Principal Software Engineer',
  'Matt',
  'VanNuys',
  'aca01ec2-b104-4524-9a22-521100f208d9'
);
insert into public.tree_employees (
  id,
  type,
  slug,
  job_title,
  first_name,
  last_name,
  selection_options_id
)
values (
  '700yuhEzSXbw6M5MpeW5yr',
  'people',
  'thomas',
  'Content Designer',
  'Rachel',
  'Thomas',
  'da942889-4de6-4946-9aec-bb3b400f42c1'
);
insert into public.tree_employees (
  id,
  type,
  slug,
  job_title,
  first_name,
  last_name,
  selection_options_id
)
values (
  '3kCgnTlULsgtDYXVcqEQGt',
  'people',
  'droll',
  'Pete Droll',
  'Pete',
  'Droll',
  'da942889-4de6-4946-9aec-bb3b400f42c1'
);
insert into public.tree_employees (
  id,
  type,
  slug,
  job_title,
  first_name,
  last_name,
  selection_options_id
)
values (
  'vpghTOlaXQAE4OMqY6sys',
  'people',
  'meghan-macera',
  'Product Designer',
  'Meghan',
  'Macera',
  null
);
insert into public.tree_employees (
  id,
  type,
  slug,
  job_title,
  first_name,
  last_name,
  selection_options_id
)
values (
  '11DB9MSFHgskAckYiycuYc',
  'people',
  'jossay-jacobo',
  'Senior Software Testing Analyst',
  'Jossay',
  'Jacobo',
  null
);
insert into public.tree_employees (
  id,
  type,
  slug,
  job_title,
  first_name,
  last_name,
  selection_options_id
)
values (
  '3WCYqVR963Q4hB7pH9YVxe',
  'people',
  'al-zoubi',
  'Staff Software Engineer',
  'Ameir',
  'Al-Zoubi',
  null
);
insert into public.tree_employees (
  id,
  type,
  slug,
  job_title,
  first_name,
  last_name,
  selection_options_id
)
values (
  '5WI3yHPTTqYyKoAc8282sa',
  'people',
  'stroud',
  'Platform Software Engineer',
  'Chris',
  'Stroud',
  null
);
insert into public.tree_employees (
  id,
  type,
  slug,
  job_title,
  first_name,
  last_name,
  selection_options_id
)
values (
  '5xFKEwguVGKyGUOuqUMaS4',
  'people',
  'hillary-pitts',
  'Product Strategist',
  'Hillary',
  'Pitts',
  null
);
insert into public.tree_employees (
  id,
  type,
  slug,
  job_title,
  first_name,
  last_name,
  selection_options_id
)
values (
  '1X2lomt8iIYImCQysey6Eq',
  'people',
  'jeffery-ward',
  'Principal Software Engineer',
  'Jeff',
  'Ward',
  null
);
insert into public.tree_employees (
  id,
  type,
  slug,
  job_title,
  first_name,
  last_name,
  selection_options_id
)
values (
  '3qp2d7e2hiE4QysSgeOY4G',
  'people',
  'matthew-hess',
  'Senior Software Test Engineer',
  'Matt',
  'Hess',
  '881dadf7-a5cf-4162-813f-b9e1fd4e17af'
);
insert into public.tree_employees (
  id,
  type,
  slug,
  job_title,
  first_name,
  last_name,
  selection_options_id
)
values (
  '35M55sRl9ekgyK6qaMOcK0',
  'people',
  'morgan-duverney',
  'Senior Software Test Engineer',
  'Morgan',
  'Duverney',
  '881dadf7-a5cf-4162-813f-b9e1fd4e17af'
);
insert into public.tree_employees (
  id,
  type,
  slug,
  job_title,
  first_name,
  last_name,
  selection_options_id
)
values (
  '5sxAA7BHUIGCw2e8QsYoOq',
  'people',
  'dayne-mauney',
  '',
  'Dayne',
  'Mauney',
  '031fa0e8-0b93-432a-8de9-8c0330d81c21'
);
insert into public.tree_employees (
  id,
  type,
  slug,
  job_title,
  first_name,
  last_name,
  selection_options_id
)
values (
  '8a80803d7590054d01759005883d0000',
  'people',
  'frank-doyle2',
  'new_frank',
  'Frank',
  'Doyle',
  null
);
insert into public.tree_employees (
  id,
  type,
  slug,
  job_title,
  first_name,
  last_name,
  selection_options_id
)
values (
  '2MJZzvffY4UwCAOUGE4q8q',
  'people',
  'roger-casey',
  '',
  'Roger',
  'Casey',
  'dbf1791d-cb54-415f-a3ad-bd42d10b0e5d'
);
insert into public.tree_employees (
  id,
  type,
  slug,
  job_title,
  first_name,
  last_name,
  selection_options_id
)
values (
  '7nO7hvVsfSgimmUmeaIoyQ',
  'people',
  'fishwick',
  'Senior Software Engineer',
  'James',
  'Fishwick',
  '63173c8a-4218-41dd-9391-16c06b8aeaa5'
);
insert into public.tree_employees (
  id,
  type,
  slug,
  job_title,
  first_name,
  last_name,
  selection_options_id
)
values (
  '2123',
  'people',
  'nathan-vogt',
  '',
  'Nathan',
  'Vogt',
  '832f7328-084f-4c7a-b56f-2b71a47536d9'
);
insert into public.tree_employees (
  id,
  type,
  slug,
  job_title,
  first_name,
  last_name,
  selection_options_id
)
values (
  '6bKffcIDjGUsU8cEiCAkWK',
  'people',
  'evan-tatarka',
  'Senior Software Engineer',
  'Evan',
  'Tatarka',
  '832f7328-084f-4c7a-b56f-2b71a47536d9'
);
insert into public.tree_employees (
  id,
  type,
  slug,
  job_title,
  first_name,
  last_name,
  selection_options_id
)
values (
  '4NCJTL13UkK0qEIAAcg4IQ',
  'people',
  'joel-garrett',
  'Senior Software Engineer',
  'Joel',
  'Garrett',
  '832f7328-084f-4c7a-b56f-2b71a47536d9'
);
insert into public.uuid (
  sequence_name,
  next_val
)
values (
  'games',
  0
);

alter table public.games
  add constraint games_pkey
    primary key (id);
alter table public.hibernate_sequences
  add constraint hibernate_sequences_pkey
    primary key (sequence_name);
alter table public.tree_employees
  add constraint tree_employees_pkey
    primary key (id);
alter table public.headshot
  add constraint uk_a4fvdqvggt5sxyfomoys65i6m
    unique (employee_id);
alter table public.games_selection_options
  add constraint uk_cg5t8ukt7qwxflv0dova7n29d
    unique (selection_options_id);
alter table public.uuid
  add constraint uuid_pkey
    primary key (sequence_name);
alter table public.games_selection_options
  add constraint fk37qwup1vcgjwllpkpcydwin48
    foreign key (game_id)
    references public.games (id);
alter table public.tree_employees
  add constraint fk8gocreqh4u8cec56v5eamii4s
    foreign key (selection_options_id)
    references public.games (id);
alter table public.games
  add constraint fk953f9lkq8gubswyj8esa4i52q
    foreign key (correct_employee_id)
    references public.tree_employees (id);
alter table public.games_selection_options
  add constraint fkgrm53q3s1p2h6nrjkdsrcsnog
    foreign key (selection_options_id)
    references public.tree_employees (id);
alter table public.headshot
  add constraint fkr1w24s5904ok03bydfb663xsl
    foreign key (employee_id)
    references public.tree_employees (id);